Round,Subset 1,Subset 2,Subset 3,Subset 4,Subset 5,Subset 6,Subset 7,Subset 8,Subset 9,Subset 10
1,1.3080,1.2044,1.2073,0.9200,1.3661,1.2937,0.9782,1.3011,1.5406,1.0242
2,1.1626,0.9903,1.1313,0.7861,1.1806,1.2128,0.9243,1.1196,1.3714,0.8557
3,1.1033,0.9645,1.0151,0.7103,1.1006,1.1378,0.9481,1.1944,1.4318,0.9301
4,0.9661,0.8624,0.9496,0.6823,1.1221,1.1232,0.7722,1.1483,1.4515,0.9325
5,0.9495,0.8281,0.9571,0.6185,1.0141,1.1294,0.8503,1.0778,1.3925,0.9857
6,0.8431,0.8285,0.8103,0.5791,1.0877,1.0439,0.8338,1.1692,1.6023,0.9541
7,0.7845,0.7272,0.8103,0.5575,1.0849,0.9950,0.7425,1.0615,1.5533,0.8849
8,0.7092,0.6474,0.8004,0.5172,0.9481,0.9550,0.6992,1.1931,1.4225,1.1369
9,0.6773,0.6318,0.7404,0.4945,0.9734,0.9579,0.7044,1.2548,1.5326,1.1356
10,0.5906,0.5881,0.7369,0.4903,0.9068,0.9528,0.6804,1.1650,1.3921,0.9619
11,0.5743,0.6156,0.6763,0.4600,0.9163,1.0157,0.6818,1.2366,1.4632,1.0186
12,0.5344,0.5632,0.6972,0.4291,1.1149,0.9242,0.7010,1.6667,1.3965,1.0016
13,0.4506,0.5025,0.6601,0.4756,0.9843,1.1207,0.7409,1.2375,1.6462,1.2869
14,0.4038,0.5095,0.6428,0.4249,1.0329,0.9938,0.6659,1.1479,1.5217,1.2266
15,0.3980,0.4812,0.6954,0.4253,0.9138,1.0348,0.7501,1.1733,1.4585,1.1406
16,0.3297,0.4588,0.6605,0.4115,1.0169,0.9906,0.7673,1.2393,1.7286,1.2437
17,0.3335,0.4426,0.5884,0.3757,0.9208,1.0192,0.7792,1.5174,1.6876,1.1224
18,0.2634,0.4098,0.5646,0.4252,1.1578,1.2016,0.6843,1.3167,1.7381,1.0305
19,0.2528,0.4088,0.5827,0.3664,1.1570,1.0359,0.6901,1.6252,1.4632,1.0334
20,0.2720,0.3864,0.5576,0.3606,1.1459,0.9592,0.7695,2.0467,2.0458,1.0305
21,0.1880,0.3760,0.5963,0.4331,0.8739,1.1135,0.6909,1.7920,1.7141,1.5331
22,0.1934,0.3418,0.5940,0.4220,0.9236,1.1957,0.6298,1.5827,2.0557,1.0784
23,0.1916,0.3563,0.5388,0.3607,1.0104,1.2145,0.7890,1.4475,1.4924,1.9546
24,0.1461,0.3511,0.5141,0.3691,0.9950,1.0660,0.7588,3.9436,3.1973,1.0973
25,0.1183,0.3197,0.5311,0.4118,0.9610,1.1923,0.7445,1.5244,1.8740,1.2816
26,0.1174,0.3097,0.5949,0.3355,0.9666,1.3138,0.7746,2.3738,1.8596,2.0662
27,0.0944,0.3011,0.5309,0.4143,0.9761,1.1621,0.8545,1.9064,2.0902,1.2726
28,0.0938,0.2623,0.5499,0.3678,1.0769,1.2062,0.7244,1.9031,2.0015,1.4065
29,0.1023,0.2866,0.5880,0.3597,1.1916,1.1853,1.0887,3.2141,2.2613,1.7235
30,0.0876,0.2702,0.5457,0.3233,1.0670,1.1484,1.0134,1.9548,5.0935,1.4229
31,0.0673,0.2468,0.5313,0.4725,1.0716,1.1891,0.8538,2.2313,1.7834,1.9003
32,0.0472,0.2310,0.5020,0.3303,1.1712,1.1762,0.7916,3.1757,3.2482,1.1697
33,0.0476,0.2323,0.5707,0.2937,1.0765,1.1949,0.8119,2.9884,2.1573,1.3732
34,0.0323,0.2256,0.5384,0.3359,1.2462,1.4486,0.8851,2.4851,1.8847,1.5113
35,0.0411,0.2303,0.5117,0.4031,1.3196,1.2218,0.9296,2.9350,4.0480,1.4033
36,0.0293,0.2224,0.5271,0.3515,1.1717,1.5489,0.9056,2.4962,2.8968,2.5270
37,0.0291,0.2110,0.5103,0.4141,1.1430,1.4562,0.8690,4.4348,2.0568,1.2988
38,0.0224,0.1929,0.4975,0.3594,1.2349,1.4430,0.9368,2.2190,3.2363,2.3207
39,0.0324,0.2001,0.5012,0.3680,1.0407,1.3587,0.8150,2.8640,5.0949,1.9410
40,0.0274,0.2006,0.5162,0.3467,1.5040,1.2649,0.9632,2.6796,2.5840,3.1985
41,0.0225,0.1956,0.5816,0.3485,1.1106,1.3359,0.7779,2.0210,1.7903,1.3574
42,0.0225,0.1975,0.5084,0.3152,1.1052,1.2176,0.8371,1.7105,3.1667,1.6185
43,0.0196,0.1637,0.4951,0.4034,1.4404,1.3991,0.8935,1.5120,2.0370,1.2607
44,0.0335,0.1734,0.5183,0.3788,1.0302,1.2754,0.9607,2.8106,2.8626,1.9351
45,0.0169,0.1578,0.4744,0.3834,1.1221,1.2901,1.1468,3.7679,1.8517,1.9851
46,0.0314,0.1606,0.4706,0.3596,1.0849,1.3586,1.0628,3.5619,2.0386,1.4834
47,0.0111,0.1574,0.5063,0.3676,1.1776,1.3615,0.9861,2.3248,4.6864,1.6891
48,0.0179,0.1648,0.5209,0.3317,1.3699,1.3519,1.0190,2.9996,6.5825,1.5741
49,0.0346,0.1677,0.4911,0.3297,1.3586,1.4843,0.9323,3.0558,2.6203,2.0648
50,0.0285,0.1730,0.4999,0.4034,1.2345,1.3667,1.0190,11.3382,2.6634,1.6273
51,0.0196,0.1421,0.5499,0.3274,1.4049,1.4552,0.9958,2.3867,2.0813,1.6202
52,0.0132,0.1505,0.4888,0.3821,1.3848,1.2628,1.0173,5.9487,4.8158,1.3335
53,0.0163,0.1290,0.5149,0.3437,1.2663,1.3971,0.9192,3.7573,2.7332,1.4851
54,0.0086,0.1271,0.4383,0.3939,1.3941,1.7699,0.9880,4.2472,1.8767,1.7494
55,0.0135,0.1390,0.4621,0.3693,1.1731,1.3339,0.9914,7.3229,3.6714,2.2221
56,0.0117,0.1294,0.4723,0.3440,1.3960,1.4307,0.8867,12.7130,2.3635,1.5186
57,0.0073,0.1212,0.4485,0.3311,1.4746,1.3416,0.9870,5.0476,2.6984,1.3780
58,0.0148,0.0926,0.4492,0.3792,1.2166,1.6222,1.0209,4.4095,2.3782,1.9976
59,0.0095,0.1246,0.5088,0.3871,1.3532,1.3986,0.9725,4.8020,2.1521,2.5012
60,0.0136,0.1375,0.5024,0.3554,1.1104,1.5245,0.9860,4.2251,4.6415,2.5942
61,0.0079,0.0982,0.4984,0.3576,1.3857,2.0317,0.9049,4.6481,2.3983,1.6630
62,0.0044,0.0996,0.4329,0.3292,1.2796,1.4520,1.0779,2.3084,3.0464,3.9951
63,0.0089,0.1007,0.5264,0.3227,1.6368,1.4207,0.9608,6.4608,3.9655,1.9054
64,0.0064,0.0999,0.4614,0.3328,1.5880,1.3274,0.8831,3.7910,1.9172,1.6255
65,0.0091,0.0867,0.4855,0.3165,1.3365,1.4936,1.0067,6.1333,3.0408,4.4017
66,0.0088,0.0965,0.4799,0.3412,1.2162,1.4773,1.1148,2.1145,5.4246,2.1258
67,0.0121,0.1005,0.4446,0.3242,1.4947,1.6095,1.0418,7.4953,2.6806,1.9245
68,0.0063,0.0891,0.4625,0.3694,1.3845,1.3177,1.1117,1.9886,14.4686,1.8352
69,0.0045,0.0807,0.4866,0.3867,1.2791,1.4645,1.2244,5.0735,18.2778,3.8207
70,0.0115,0.0848,0.4361,0.3325,1.4106,1.4143,0.9517,5.5259,10.1834,1.8150
71,0.0058,0.0980,0.4388,0.3402,1.3561,1.3427,1.0044,6.0319,2.1164,2.8836
72,0.0047,0.0873,0.4656,0.3421,1.3205,1.3684,1.4152,2.3845,2.2092,3.2834
73,0.0148,0.0869,0.4747,0.3774,1.2970,1.4317,1.0145,3.3105,1.6525,4.7540
74,0.0092,0.0759,0.4902,0.3528,1.7338,1.4558,0.9824,27.3266,2.9550,2.5059
75,0.0067,0.0565,0.4584,0.4095,1.2982,1.5686,1.0609,3.1506,10.9669,1.7044
76,0.0047,0.0900,0.5063,0.3477,1.5039,1.5019,1.0571,3.1347,4.1115,1.5905
77,0.0117,0.0998,0.4864,0.3879,1.6553,1.3932,1.2214,15.4752,3.2690,5.3022
78,0.0083,0.0776,0.4673,0.3534,1.2955,1.3237,1.0129,15.2181,5.0370,2.3339
79,0.0052,0.0649,0.4798,0.3424,1.3518,1.5235,0.9780,4.4626,3.5499,1.8896
80,0.0063,0.0675,0.4763,0.3899,1.3603,1.4103,1.1052,1.7847,2.2293,4.1341
81,0.0062,0.0582,0.4559,0.3297,1.1443,1.4169,0.9691,8.2570,2.7321,2.1327
82,0.0088,0.0738,0.4486,0.4107,1.3290,1.4201,0.9011,4.6825,7.2632,1.6770
83,0.0128,0.0657,0.4533,0.3645,1.4839,1.5492,1.0641,2.9740,5.8965,2.0826
84,0.0155,0.0603,0.4545,0.3587,1.4550,1.3257,1.0833,2.5592,18.5968,3.8927
85,0.0052,0.0811,0.4746,0.3179,1.2532,1.6040,0.9785,4.9879,3.0780,2.7058
86,0.0054,0.0723,0.4749,0.3409,1.4015,1.6234,1.0965,2.1403,13.2909,1.8889
87,0.0040,0.0531,0.4204,0.3501,1.6313,1.3479,0.9707,5.4707,5.9931,1.5739
88,0.0104,0.0477,0.4698,0.3330,1.6290,1.3584,1.0251,4.9423,3.4822,1.4622
89,0.0051,0.0588,0.4571,0.3120,1.6295,1.5576,0.9731,8.8671,14.6378,1.6235
90,0.0029,0.0599,0.4236,0.3282,1.3650,1.5531,1.0109,4.9535,2.4822,4.2879
91,0.0045,0.0654,0.5171,0.3480,1.4083,1.5390,1.0907,5.1819,7.7454,3.7801
92,0.0060,0.0548,0.4309,0.3040,1.5256,1.4968,1.1387,6.5082,8.2892,3.6813
93,0.0036,0.0646,0.4773,0.2915,1.2707,1.5007,1.1438,4.5792,3.3521,1.5419
94,0.0058,0.0432,0.4144,0.2783,1.5739,1.6335,1.0645,11.0791,1.9462,6.2904
95,0.0038,0.0574,0.4300,0.3342,1.4619,1.4574,1.0287,5.8099,8.3586,1.9522
96,0.0030,0.0693,0.5030,0.3067,1.3707,1.4967,1.7418,7.3385,5.8934,5.2805
97,0.0037,0.0505,0.4231,0.3175,2.1179,2.1083,1.3384,14.4523,5.1376,3.5266
98,0.0036,0.0579,0.4256,0.3336,1.4380,1.4141,1.1495,3.4672,5.1653,1.4921
99,0.0018,0.0699,0.4623,0.3642,1.4100,1.5984,1.1075,7.6857,10.0482,7.2009
100,0.0033,0.0427,0.4495,0.3539,1.5461,1.5700,1.0703,7.1272,3.6556,3.8020
101,0.0122,0.0617,0.4688,0.3299,1.5030,1.8164,1.3687,3.1966,8.5829,2.2813
102,0.0033,0.0474,0.4226,0.3549,1.4307,1.4817,1.1703,8.3273,3.1766,2.8289
103,0.0052,0.0575,0.4436,0.3609,1.3190,1.7633,1.2584,13.5724,5.0354,2.2085
104,0.0049,0.0424,0.4226,0.2746,1.3667,1.5712,1.1017,3.2089,4.8075,4.1639
105,0.0073,0.0399,0.4755,0.2957,1.3365,1.4706,1.1731,4.2686,5.5131,6.9464
106,0.0027,0.0494,0.4253,0.3079,1.7302,1.6314,1.3064,3.4464,3.3138,1.9326
107,0.0046,0.0403,0.4464,0.3070,1.1759,1.5950,1.1656,6.4621,4.9381,5.6510
108,0.0041,0.0511,0.4605,0.3379,1.4431,1.5523,1.0780,3.9681,6.6996,4.9289
109,0.0073,0.0567,0.4846,0.3335,1.5767,1.7476,1.1573,6.2855,10.3467,5.5844
110,0.0051,0.0371,0.4757,0.4179,1.5348,1.6623,1.2960,7.3302,9.9607,2.7748
111,0.0024,0.0435,0.4945,0.3544,1.7220,1.6706,1.0597,13.5217,5.2697,1.9075
112,0.0104,0.0430,0.4646,0.3681,1.5963,1.8727,1.0850,12.0497,4.1530,9.2061
113,0.0066,0.0427,0.4349,0.3750,1.3108,2.3779,1.1846,6.8670,5.9692,3.7288
114,0.0028,0.0480,0.4302,0.3203,1.6649,1.9368,1.1068,4.4348,9.7972,2.5221
115,0.0212,0.0456,0.5507,0.3114,1.7577,1.7907,1.2075,6.1822,2.6369,6.8732
116,0.0040,0.0474,0.4440,0.2679,1.4397,2.2867,1.1890,7.7259,11.3721,5.6040
117,0.0034,0.0368,0.4408,0.4676,1.5750,1.6521,1.0239,6.1856,8.4460,1.4341
118,0.0084,0.0450,0.4206,0.3335,1.5926,1.5425,1.2286,6.7271,5.8314,9.3039
119,0.0059,0.0402,0.4231,0.3863,1.3475,1.4759,1.2286,6.6311,5.1539,5.5019
120,0.0063,0.0552,0.4622,0.3682,1.9020,1.7257,1.6546,7.4679,9.7475,1.5873
121,0.0016,0.0464,0.4594,0.3597,1.6395,1.7099,1.0660,3.0763,7.9027,3.8591
122,0.0055,0.0436,0.4308,0.3207,1.3224,2.0800,1.1864,6.2122,13.0924,3.0666
123,0.0035,0.0476,0.4397,0.3532,1.5483,1.8464,1.1461,2.2429,6.8483,2.7565
124,0.0033,0.0555,0.4592,0.3061,1.4297,2.1953,1.3676,8.0762,6.6133,4.2220
125,0.0030,0.0366,0.4198,0.3427,1.5939,1.7375,1.1827,6.4205,12.0029,3.4170
126,0.0058,0.0284,0.4554,0.3415,1.6310,1.5673,1.1064,20.3759,4.5166,2.9867
127,0.0022,0.0416,0.4556,0.4406,1.5462,2.1974,1.3577,7.3884,6.2054,3.3098
128,0.0036,0.0317,0.4881,0.3031,1.6456,1.5109,1.1346,3.3056,9.0343,1.5075
129,0.0042,0.0383,0.4584,0.3340,1.4802,1.7931,1.1214,5.0304,7.6222,3.8742
130,0.0179,0.0544,0.5709,0.3917,1.8045,1.9639,1.2409,2.2824,11.4179,5.8868
131,0.0035,0.0277,0.4474,0.3451,2.6394,1.6445,1.1121,8.0001,6.9285,8.4920
132,0.0084,0.0336,0.4511,0.3844,1.6302,1.4845,1.0756,9.4804,3.1998,2.9140
133,0.0051,0.0383,0.4362,0.3692,1.6464,1.7341,1.0496,6.4231,5.3337,4.9070
134,0.0065,0.0328,0.4502,0.2724,1.5023,1.4918,1.0991,2.4310,15.1757,2.3550
135,0.0031,0.0313,0.4546,0.3206,1.7411,1.5324,1.8917,10.9769,6.6297,1.3998
136,0.0020,0.0403,0.4389,0.3758,1.7857,1.6441,1.1596,5.1645,15.3660,3.4654
137,0.0051,0.0308,0.4174,0.3275,1.7098,1.8581,1.0865,10.6488,13.3162,1.5403
138,0.0027,0.0276,0.4678,0.4031,1.5312,1.6772,1.6149,17.1671,3.9858,6.1797
139,0.0022,0.0289,0.4619,0.3368,1.7224,1.6807,1.3524,7.5044,4.2201,3.9822
140,0.0034,0.0278,0.4125,0.3670,1.3992,1.9391,1.2289,7.4802,9.2591,6.3156
141,0.0031,0.0213,0.4959,0.3751,1.6646,1.7466,1.3095,11.2506,7.0475,1.9816
142,0.0022,0.0303,0.4766,0.3505,1.9180,1.5775,1.2202,7.0886,3.1758,2.4210
143,0.0069,0.0268,0.4671,0.3088,2.0097,1.5662,1.2243,11.9559,5.2932,2.5839
144,0.0025,0.0371,0.4794,0.2808,1.5222,2.0016,1.3470,10.3841,6.0739,3.1486
145,0.0041,0.0275,0.4529,0.3154,1.5875,2.0060,1.3122,5.2747,7.3233,2.0641
146,0.0040,0.0300,0.4411,0.3669,1.5608,1.8080,1.1621,10.4826,16.3143,4.2781
147,0.0036,0.0282,0.4788,0.3466,1.4331,2.1006,1.3363,4.6631,3.3641,9.9785
148,0.0071,0.0358,0.4010,0.3592,1.7326,2.0438,1.3634,12.2709,5.8094,8.1625
149,0.0088,0.0268,0.4944,0.3139,2.1741,1.8020,1.2339,17.5418,14.9214,3.2305
150,0.0063,0.0332,0.4260,0.3435,1.7101,1.6654,1.7099,7.5080,26.9778,3.7874
151,0.0027,0.0261,0.4616,0.3904,2.0797,1.7014,1.1977,8.3628,8.8429,4.2609
152,0.0057,0.0252,0.4729,0.3476,2.0103,1.5298,1.1950,10.7848,2.3528,7.8029
153,0.0032,0.0244,0.4825,0.4057,1.3981,2.2075,1.6540,15.8683,17.3501,1.5502
154,0.0038,0.0213,0.4120,0.3433,1.5259,1.6195,1.2928,15.5987,21.0314,6.1334
155,0.0061,0.0348,0.4060,0.3883,1.5493,1.7525,1.1939,2.7650,6.1842,4.4921
156,0.0018,0.0265,0.4476,0.3405,1.7967,1.6998,2.1225,10.2520,6.1242,6.7211
157,0.0045,0.0267,0.4134,0.3553,1.5712,1.7437,1.2103,3.9249,8.5397,7.6134
158,0.0032,0.0268,0.4393,0.3551,1.8736,1.4924,1.4434,5.4960,5.2840,6.9823
159,0.0015,0.0205,0.4672,0.4005,1.3495,1.5311,1.4990,6.8804,12.0706,4.3905
160,0.0079,0.0319,0.4721,0.3710,1.7376,1.9718,1.3290,5.8657,12.0785,2.6848
161,0.0036,0.0175,0.4128,0.3459,2.1484,1.6185,1.5184,9.7841,13.3585,5.8857
162,0.0013,0.0213,0.5519,0.3950,1.8203,1.7199,1.1936,7.2306,8.3145,2.4375
163,0.0023,0.0298,0.4569,0.3421,1.4940,2.2699,1.5460,12.7302,2.6782,3.7264
164,0.0014,0.0241,0.4558,0.3640,1.4630,2.3093,1.3450,13.3647,5.4696,6.5723
165,0.0012,0.0335,0.4401,0.3665,2.0585,1.4413,1.3863,8.7545,7.9856,4.4109
166,0.0039,0.0305,0.4315,0.3751,1.5878,1.8902,0.9990,8.0739,4.3079,6.0531
167,0.0059,0.0219,0.3943,0.3496,1.8811,1.4934,1.2763,16.7226,14.2229,2.6837
168,0.0026,0.0333,0.3947,0.3395,1.7825,1.6900,1.3530,4.8453,12.6326,3.6261
169,0.0148,0.0252,0.4290,0.3039,2.0349,1.7941,1.4271,11.3031,9.8443,3.2514
170,0.0043,0.0266,0.4402,0.3255,1.7182,1.6443,2.9857,6.4950,13.7112,8.4102
171,0.0024,0.0286,0.4333,0.2961,1.9242,1.7782,1.6665,11.7420,4.6697,5.8082
172,0.0029,0.0185,0.4636,0.3447,1.5701,1.7041,1.2562,5.1036,11.7375,1.6528
173,0.0043,0.0298,0.4331,0.4094,1.9253,1.8719,1.2968,7.2176,10.1319,3.9518
174,0.0016,0.0201,0.4459,0.3256,1.7210,1.9298,1.4269,7.1125,4.1315,2.2575
175,0.0081,0.0336,0.4100,0.3736,1.6256,1.7934,1.6587,6.9675,11.7467,7.9359
176,0.0019,0.0257,0.3952,0.3299,1.5555,1.6418,1.5961,6.3381,9.4319,4.7798
177,0.0108,0.0277,0.4342,0.3077,1.7568,1.5957,1.0878,12.5223,6.8883,14.1496
178,0.0053,0.0365,0.4749,0.3412,1.8185,2.1254,1.3178,9.5321,4.7844,1.5673
179,0.0038,0.0278,0.4274,0.3086,1.6480,1.7629,1.1918,9.7934,8.7205,4.7855
180,0.0039,0.0307,0.5241,0.3400,2.2037,1.7329,2.0150,8.5161,10.3808,4.1484
181,0.0078,0.0196,0.4805,0.3630,1.6473,1.7384,1.3442,4.7969,14.9632,3.9697
182,0.0017,0.0300,0.4664,0.2922,1.5991,1.6407,1.3541,20.7732,10.6938,25.6833
183,0.0014,0.0178,0.4487,0.3156,1.7229,1.9041,1.3449,5.1520,6.6805,5.6397
184,0.0028,0.0288,0.4064,0.3147,1.5628,1.7672,1.1688,6.9872,14.4503,3.6567
185,0.0024,0.0279,0.4945,0.3360,1.7569,1.7930,1.4310,7.6107,8.7668,4.6228
186,0.0015,0.0252,0.4537,0.3273,1.8985,1.6539,1.5756,9.3454,3.4669,7.8866
187,0.0024,0.0256,0.4788,0.3221,1.6632,2.0685,1.6213,12.3575,10.9083,2.8118
188,0.0048,0.0182,0.4709,0.4099,1.7891,1.8062,1.6770,8.8346,21.9981,4.4960
189,0.0054,0.0363,0.4126,0.3563,1.6532,1.7663,1.1537,15.6048,9.5605,2.6315
190,0.0619,0.0170,0.3892,0.4163,1.6964,1.7413,1.3474,23.3417,14.9096,7.5559
191,0.0032,0.0383,0.5420,0.3234,1.6296,1.9558,1.2754,26.2802,68.1433,4.8996
192,0.0033,0.0164,0.4525,0.3262,1.6680,1.5823,1.4085,2.3914,18.3979,4.2307
193,0.0075,0.0234,0.4480,0.3263,1.5311,1.7780,1.4798,12.2013,17.1360,3.2822
194,0.0031,0.0347,0.4371,0.3661,1.6566,2.0484,1.4676,7.7896,7.1193,7.3352
195,0.0038,0.0208,0.4597,0.3039,2.0217,1.7728,1.2409,4.3141,6.4864,5.6937
196,0.0013,0.0225,0.4065,0.4035,1.6455,1.5990,1.3352,13.7945,6.2915,6.2284
197,0.0057,0.0170,0.4823,0.3254,2.0002,2.4998,1.2540,10.7456,10.6527,5.9865
198,0.0012,0.0191,0.4536,0.3163,1.6850,1.9344,1.6641,9.9735,6.3909,8.9716
199,0.0034,0.0245,0.4908,0.3843,1.7195,1.5546,1.4293,12.2427,14.2354,13.3778
200,0.0084,0.0250,0.4740,0.4427,1.6203,1.8093,1.4349,10.1144,5.0850,2.3596
201,0.0030,0.0241,0.4690,0.3503,1.6560,2.1466,1.4596,10.6254,13.0777,10.7225
202,0.0060,0.0293,0.4966,0.3620,1.7834,1.8022,1.3185,8.9129,7.2638,3.0289
203,0.0035,0.0360,0.4144,0.3477,1.8488,1.7871,1.4122,10.9095,13.8845,2.8220
204,0.0015,0.0230,0.4191,0.3105,1.5846,1.9862,1.6412,8.6630,8.5791,6.3567
205,0.0035,0.0313,0.4005,0.3622,1.9371,1.9743,1.8439,3.2275,21.6271,7.9172
206,0.0013,0.0216,0.4226,0.3214,2.6746,1.8378,1.7492,12.0478,7.5624,2.3659
207,0.0051,0.0293,0.4878,0.3532,2.3156,2.5347,2.0299,20.5457,16.0763,3.5755
208,0.0062,0.0249,0.4453,0.3228,1.8859,1.7557,1.1309,17.1067,8.0789,9.4525
209,0.0032,0.0213,0.5055,0.3347,1.9799,1.7397,1.6566,12.8879,8.6350,9.8652
210,0.0093,0.0306,0.5243,0.3819,1.6697,1.7396,1.2203,11.3589,10.7065,11.2464
211,0.0009,0.0244,0.4656,0.2944,1.9996,1.6076,1.2056,12.0005,39.0993,7.4382
212,0.0024,0.0359,0.5541,0.3565,1.9204,2.0134,1.3350,6.7042,10.2089,3.3367
213,0.0062,0.0261,0.4495,0.4234,1.9894,1.7674,1.5149,11.5704,13.2571,13.5564
214,0.0027,0.0149,0.3923,0.3460,1.6441,2.3773,1.3613,15.4928,13.4435,5.7317
215,0.0029,0.0204,0.4371,0.3035,1.9992,1.8756,1.4745,10.5832,7.3199,22.8689
216,0.0076,0.0142,0.4403,0.4193,1.5044,1.7953,1.3427,5.5425,5.8312,14.4928
217,0.0013,0.0252,0.4532,0.4234,1.7133,1.8635,1.3165,7.1833,10.1467,9.5688
218,0.0028,0.0238,0.4749,0.3305,1.7002,1.9678,1.3339,7.7204,7.1682,7.4454
219,0.0031,0.0264,0.5927,0.3456,2.2579,1.8610,1.7444,23.4778,20.8771,2.9470
220,0.0015,0.0241,0.4911,0.3623,1.6669,1.9826,1.3499,20.3808,24.5211,2.3211
221,0.0051,0.0251,0.4836,0.3185,1.7259,1.7710,1.7117,19.8446,30.3646,7.6398
222,0.0042,0.0196,0.4486,0.3722,1.8590,2.4828,1.3874,4.8878,12.1141,2.9202
223,0.0020,0.0137,0.4544,0.3221,1.7176,1.8287,1.4436,15.3307,5.7821,3.6103
224,0.0072,0.0176,0.4257,0.3778,2.2498,2.0066,1.1921,22.4432,11.1522,8.6317
225,0.0031,0.0148,0.4367,0.3706,1.9264,2.6485,1.3124,15.3595,19.6086,5.0682
226,0.0029,0.0265,0.4198,0.4005,1.6467,1.6810,1.9326,13.2811,3.2307,6.3530
227,0.0022,0.0143,0.4539,0.3883,1.9147,1.8312,1.5619,12.3618,5.6832,3.1408
228,0.0033,0.0232,0.4600,0.3808,1.4883,1.7722,1.2304,9.8838,18.3275,9.5869
229,0.0049,0.0216,0.4942,0.4045,2.5626,1.9339,1.5056,6.5324,6.4280,10.9784
230,0.0022,0.0161,0.4514,0.4259,1.5452,1.7999,1.4204,8.3457,17.0965,5.9155
231,0.0042,0.0233,0.5630,0.3744,1.9870,1.7049,1.9581,8.5481,4.6228,4.2655
232,0.0050,0.0166,0.4234,0.3552,1.9550,1.9461,2.0714,18.2880,14.5230,2.7884
233,0.0024,0.0250,0.5492,0.3740,3.3162,2.0912,1.3490,23.2261,12.3532,4.7447
234,0.0041,0.0198,0.4748,0.3876,1.6854,2.1775,1.2585,16.9088,12.8463,14.3348
235,0.0028,0.0204,0.4908,0.3649,2.0655,2.4132,1.3349,14.9515,7.0752,2.9295
236,0.0011,0.0187,0.4695,0.3530,1.8604,1.7269,1.6084,9.5567,14.7569,5.2711
237,0.0044,0.0264,0.4119,0.3680,1.6680,2.0090,1.1966,11.1479,8.7799,4.2439
238,0.0111,0.0186,0.4858,0.3515,1.9107,1.8850,1.5097,10.6482,8.1309,10.4231
239,0.0035,0.0227,0.4721,0.3559,1.6744,1.8375,1.2203,8.4078,22.4884,7.3420
240,0.0072,0.0318,0.4606,0.3724,1.8791,2.4412,1.4192,11.7329,8.3889,6.5187
241,0.0062,0.0271,0.5212,0.3398,1.6209,1.6951,1.7154,10.7563,19.6435,7.8388
242,0.0065,0.0210,0.4888,0.3984,2.1137,2.0422,1.4031,16.9164,9.7100,11.8949
243,0.0029,0.0181,0.4101,0.3236,2.1068,1.8035,1.2005,10.9147,9.1873,7.6200
244,0.0027,0.0192,0.4171,0.3245,2.0917,2.0870,1.3274,5.6470,11.4776,9.2314
245,0.0013,0.0235,0.4739,0.3275,1.9878,1.7327,1.6224,12.2670,5.2156,7.5971
246,0.0046,0.0207,0.4410,0.3441,1.8034,3.5492,1.1767,23.6587,14.3492,5.5800
247,0.0019,0.0266,0.4536,0.3517,2.5154,1.5720,1.2036,14.6561,4.2352,4.5152
248,0.0049,0.0184,0.4638,0.3812,1.6728,2.0090,1.3167,11.7125,9.6433,3.1209
249,0.0080,0.0160,0.4156,0.4246,2.2016,1.7945,1.2072,9.5130,12.5912,3.8522
250,0.0043,0.0313,0.4918,0.4032,1.5572,1.8192,1.4578,20.2826,32.8006,12.5076
251,0.0022,0.0211,0.4104,0.4007,1.7355,1.8215,1.3855,5.3694,16.3747,4.1742
252,0.0037,0.0165,0.4624,0.3311,1.6718,1.6956,1.6523,8.0866,12.8211,3.6920
253,0.0056,0.0148,0.4527,0.3451,1.7870,1.9457,1.2371,6.9109,11.4006,8.8788
254,0.0085,0.0166,0.4469,0.3611,1.9613,1.9708,1.7086,9.1476,16.7465,9.2153
255,0.0038,0.0170,0.5052,0.4033,1.9377,2.1891,1.4452,17.4228,14.6606,7.5384
256,0.0085,0.0220,0.4003,0.4392,1.5740,1.5928,1.4559,29.6945,21.2964,2.9123
257,0.0021,0.0207,0.5270,0.4221,1.9073,2.0103,1.2658,8.8867,19.6255,8.0717
258,0.0087,0.0257,0.4893,0.4210,1.8925,2.0195,1.5976,29.5538,15.6116,8.4466
259,0.0034,0.0195,0.4674,0.3622,2.3531,3.4416,1.3032,7.8868,16.4182,7.9271
260,0.0037,0.0180,0.4252,0.4006,1.5956,1.8025,1.4808,17.8982,12.2328,10.6735
261,0.0080,0.0148,0.5240,0.3495,1.5839,2.0469,1.5493,17.8402,4.8229,6.2309
262,0.0031,0.0267,0.4977,0.3812,1.8253,1.7939,1.7007,11.7145,4.1991,16.8165
263,0.0041,0.0286,0.4878,0.3793,1.8968,2.4317,1.4394,6.9787,7.2428,21.0739
264,0.0017,0.0271,0.4667,0.3505,1.7234,1.6600,1.4737,13.7491,5.7166,3.0947
265,0.0050,0.0115,0.4677,0.3014,1.6871,1.6582,1.9338,11.7535,7.3735,3.9264
266,0.0027,0.0228,0.4124,0.3016,1.8583,2.5906,1.3728,13.1634,25.3361,5.8684
267,0.0050,0.0143,0.4243,0.3867,2.6853,2.2140,1.3974,17.1539,37.6933,4.6233
268,0.0033,0.0153,0.4465,0.3472,1.8937,1.7773,1.2252,11.8480,6.3360,6.2792
269,0.0020,0.0185,0.4292,0.3981,1.5803,1.9089,1.1916,10.1423,9.7403,2.9034
270,0.0164,0.0153,0.4669,0.3445,2.1638,2.1047,1.2503,7.6233,26.9014,7.3887
271,0.0026,0.0254,0.4316,0.4129,1.8534,1.7630,1.3274,19.8862,22.8668,7.2370
272,0.0025,0.0209,0.5250,0.3521,1.7106,2.0580,1.6215,13.0824,13.5450,12.0848
273,0.0015,0.0209,0.4470,0.3618,1.6971,1.6646,1.6402,20.2342,20.4333,9.7992
274,0.0078,0.0162,0.4207,0.3624,2.6217,1.5814,1.5338,15.8573,34.4531,5.7850
275,0.0046,0.0252,0.5070,0.4204,1.8515,2.0585,1.2974,14.7586,14.7937,6.7633
276,0.0026,0.0222,0.4233,0.3413,2.2492,2.1702,1.5138,17.4534,17.3635,4.3896
277,0.0022,0.0190,0.4766,0.3777,1.8755,3.4273,1.4412,34.6149,16.4328,9.5358
278,0.0019,0.0194,0.4556,0.4617,1.7445,1.7582,1.5436,9.5336,12.5877,4.9396
279,0.0071,0.0243,0.4611,0.4137,2.1027,1.7164,1.8887,15.1731,27.8258,7.3331
280,0.0061,0.0186,0.4676,0.3745,1.9333,1.7796,2.0882,15.0607,22.8382,6.8535
281,0.0058,0.0280,0.4913,0.4063,1.8746,1.8566,1.4631,9.2142,22.0340,4.3044
282,0.0007,0.0221,0.4636,0.4734,2.0316,1.8370,1.4634,8.4165,32.7438,23.2935
283,0.0042,0.0154,0.5038,0.3705,1.9389,2.3317,1.8224,18.8290,52.4675,3.2609
284,0.0017,0.0231,0.4564,0.3892,1.7249,1.9271,1.6506,11.0443,10.9526,12.8989
285,0.0076,0.0227,0.4617,0.3780,2.4660,2.1651,1.4123,11.7432,33.8167,10.0106
286,0.0036,0.0206,0.4658,0.3806,2.2210,1.9483,1.5853,9.4908,16.0861,8.1717
287,0.0028,0.0213,0.4744,0.4134,1.7263,2.0387,2.1379,18.0347,23.1252,10.8093
288,0.0038,0.0234,0.4830,0.3768,1.9632,2.1885,1.7772,17.6519,9.0210,1.7599
289,0.0030,0.0166,0.4702,0.4177,2.0038,1.8173,1.2107,9.0003,29.0290,10.2999
290,0.0017,0.0381,0.4759,0.3696,1.9624,2.1406,1.3911,45.3705,11.3599,6.7574
291,0.0045,0.0258,0.4100,0.3580,2.1412,1.6923,1.3340,9.1011,15.3877,22.7555
292,0.0085,0.0161,0.5562,0.3734,2.5712,2.0274,1.7961,3.6191,15.4101,14.7159
293,0.0033,0.0274,0.5282,0.4066,1.8356,1.9933,1.7682,11.7507,12.1196,9.1288
294,0.0105,0.0186,0.4629,0.4550,2.0255,3.6163,2.2542,6.0508,21.1069,8.5823
295,0.0035,0.0183,0.4356,0.3846,1.8368,2.4772,1.1310,7.7092,11.0362,8.2902
296,0.0242,0.0187,0.5345,0.3719,2.1489,2.8176,1.3256,16.1438,9.3232,8.2004
297,0.0045,0.0167,0.5210,0.3545,1.6230,1.9100,1.5488,24.0457,10.0755,9.0532
298,0.0059,0.0238,0.4516,0.3825,1.9700,2.0305,1.2466,13.0624,18.0107,11.7671
299,0.0124,0.0252,0.4752,0.3904,1.7211,1.7729,1.3372,12.2566,32.3430,7.6155
300,0.0113,0.0271,0.4551,0.3868,2.2431,1.8725,1.7800,7.7248,17.6090,11.0336
301,0.0011,0.0239,0.4666,0.3968,1.8653,2.1472,1.6353,10.4698,24.5851,9.7631
302,0.0018,0.0254,0.4227,0.3768,1.8177,1.7329,1.4020,11.5584,19.7363,20.8117
303,0.0042,0.0287,0.5129,0.3424,2.0620,1.7452,1.4208,11.7360,5.7667,4.4688
304,0.0038,0.0173,0.4374,0.3677,1.7888,3.6498,1.3734,7.4031,13.8594,14.1370
305,0.0080,0.0201,0.4856,0.4758,1.8963,1.7610,1.6275,20.2325,14.3015,9.2278
306,0.0017,0.0177,0.4536,0.3792,2.1685,1.7153,1.4075,11.3100,12.7358,13.2887
307,0.0074,0.0257,0.4822,0.4671,1.9475,1.9088,1.3893,9.7103,8.8140,3.6143
308,0.0045,0.0245,0.5011,0.4034,1.7409,1.8656,1.5513,6.3413,16.5827,22.1046
309,0.0094,0.0211,0.5207,0.3943,2.0066,2.0768,1.6864,20.6663,32.2923,8.8743
310,0.0156,0.0189,0.4964,0.4670,2.0584,2.2152,2.7589,30.2218,26.8457,17.0354
311,0.0056,0.0140,0.4413,0.3420,1.9232,2.7619,1.5033,12.0867,12.6273,2.0192
312,0.0052,0.0243,0.7124,0.4147,2.3335,1.7928,1.5608,13.3696,10.0505,13.0645
313,0.0021,0.0213,0.4620,0.3421,2.9438,2.3386,1.3983,14.9945,18.3792,8.2122
314,0.0030,0.0126,0.4857,0.3709,2.3939,1.9903,1.3478,17.1423,17.9355,5.3867
315,0.0041,0.0214,0.4667,0.4059,2.0086,2.1541,1.9093,19.8883,18.5144,12.5036
316,0.0018,0.0168,0.4817,0.4018,1.6436,1.9174,1.9198,13.7954,9.4136,24.7985
317,0.0083,0.0217,0.4884,0.3943,1.6857,2.4186,1.4566,9.8163,23.8633,5.1685
318,0.0017,0.0329,0.4803,0.3796,2.0227,1.6675,1.5569,4.9692,13.0313,9.0395
319,0.0026,0.0137,0.4604,0.3954,2.1075,2.0387,1.5362,15.7019,10.3559,3.4372
320,0.0064,0.0123,0.4904,0.3795,3.0561,1.8123,1.4402,30.8286,12.6839,9.7398
321,0.0065,0.0247,0.4835,0.4354,2.0980,2.2619,2.2122,48.1916,20.8935,13.6124
322,0.0027,0.0210,0.4827,0.4161,1.8365,1.6683,1.6983,23.7878,17.9002,6.7774
323,0.0035,0.0157,0.4668,0.3628,2.1583,2.9076,1.4662,18.3170,9.4304,3.3032
324,0.0032,0.0142,0.5373,0.3905,1.8481,1.6676,2.4466,14.0261,29.5051,7.0089
325,0.0042,0.0184,0.4920,0.5022,2.4812,1.7736,1.3954,70.8247,23.0406,21.2996
326,0.0108,0.0192,0.5651,0.4107,1.8317,1.6442,1.6826,21.6034,21.4050,10.3529
327,0.0012,0.0213,0.5507,0.3739,3.8337,2.5975,1.4317,15.7733,12.3718,6.7392
328,0.0033,0.0243,0.4041,0.4071,2.2857,2.5481,1.3073,26.5743,30.6563,3.0501
329,0.0073,0.0253,0.5631,0.3928,1.7927,2.5920,2.4332,9.5698,3.7695,3.8837
330,0.0007,0.0161,0.4765,0.4793,1.9046,1.8967,1.4730,14.7853,6.1859,8.5910
331,0.0179,0.0298,0.4749,0.4248,1.7885,2.3697,1.4782,30.1256,44.9196,6.4291
332,0.0049,0.0220,0.4522,0.3835,1.8710,2.1744,2.0896,19.4568,22.1761,19.9178
333,0.0020,0.0176,0.4375,0.3872,1.8805,3.2122,2.1707,22.5926,8.5569,12.8434
334,0.0074,0.0243,0.4472,0.4065,1.6280,1.7969,1.5068,17.3917,10.9134,20.1632
335,0.0008,0.0187,0.3871,0.4668,2.5473,1.7203,1.5322,28.1052,48.2553,16.4711
336,0.0022,0.0298,0.4423,0.3527,2.1365,2.1980,1.7581,15.5598,29.0660,6.8594
337,0.0024,0.0268,0.4108,0.4191,1.6722,2.2343,1.8720,22.2202,21.9706,10.6138
338,0.0177,0.0173,0.5026,0.4488,1.7299,1.7598,1.4800,28.5434,12.8093,14.8664
339,0.0059,0.0152,0.4943,0.4336,1.6391,1.7883,2.0677,41.6702,31.7410,6.7291
340,0.0075,0.0195,0.4983,0.3731,2.0439,2.1811,1.6097,14.6343,3.3370,11.2789
341,0.0099,0.0153,0.6658,0.4268,1.8513,2.1432,1.2871,8.9858,25.4042,4.5711
342,0.0111,0.0280,0.4999,0.4465,1.7024,3.9980,1.8260,11.4114,34.0162,5.8265
343,0.0022,0.0222,0.5014,0.3879,1.7115,2.1617,2.1935,14.1381,18.3566,8.6924
344,0.0138,0.0306,0.4804,0.3893,1.8824,2.0859,1.4334,25.8809,10.6644,5.0480
345,0.0105,0.0165,0.4956,0.3379,2.4205,2.4592,1.5816,11.2985,51.4239,11.4572
346,0.0088,0.0169,0.4751,0.4975,2.7717,2.4842,1.3283,35.0819,36.5972,17.9402
347,0.0019,0.0214,0.4882,0.4600,2.1640,1.6424,1.7794,14.1808,24.7953,9.3325
348,0.0053,0.0238,0.5012,0.3782,2.0396,2.4853,2.7323,9.6944,9.6344,12.5702
349,0.0120,0.0275,0.4297,0.3915,1.8000,3.2621,1.3573,20.9461,23.0538,13.0883
350,0.0046,0.0135,0.5146,0.4165,2.0690,2.4571,1.8044,13.5477,10.5766,3.1311
351,0.0153,0.0221,0.4457,0.3776,1.9949,1.8958,1.9404,9.0702,19.1759,20.1308
352,0.0013,0.0455,0.4932,0.3898,2.3306,2.9876,1.8739,26.3786,16.0156,23.3944
353,0.0184,0.0300,0.5004,0.4797,1.8854,2.3036,1.7653,20.8056,39.5146,11.3555
354,0.0017,0.0278,0.5504,0.3518,2.0793,2.1724,1.9750,11.2116,24.2514,15.8267
355,0.0095,0.0310,0.4918,0.3948,2.0284,1.9589,1.5212,17.6831,10.5909,4.9874
356,0.0007,0.0232,0.5146,0.4471,1.6338,1.9674,4.6319,6.3403,12.8073,17.2481
357,0.0040,0.0230,0.4173,0.3973,1.8932,1.9962,1.3737,51.9412,7.7479,11.3902
358,0.0146,0.0240,0.5035,0.4713,1.9535,1.6371,1.6762,12.1616,33.9003,20.1381
359,0.0091,0.0180,0.4445,0.3623,2.4490,2.4719,1.9655,15.3016,15.5035,14.5635
360,0.0133,0.0209,0.4473,0.3890,2.0962,1.8381,2.0427,14.9820,18.7729,15.7250
361,0.0092,0.0197,0.4657,0.4097,1.8547,2.0612,1.4918,13.0787,16.3880,12.4237
362,0.0080,0.0269,0.5592,0.4239,2.1986,2.2356,1.5987,23.1084,5.9244,9.0813
363,0.0020,0.0222,0.4985,0.4066,1.8635,1.7503,1.6537,21.8952,12.8883,5.8885
364,0.0107,0.0249,0.6986,0.4432,2.3309,1.7934,2.6307,19.6256,18.5636,17.0441
365,0.0025,0.0249,0.5042,0.4135,1.9599,2.0519,1.6825,21.4475,28.9310,6.5197
366,0.0071,0.0217,0.4915,0.3999,2.1008,2.4103,1.7727,18.6646,25.2074,20.0211
367,0.0016,0.0247,0.4077,0.5780,2.3206,3.0557,1.9443,6.7254,13.6993,14.1808
368,0.0024,0.0186,0.4658,0.4425,2.4609,2.9124,2.3029,27.4334,13.9741,4.5462
369,0.0021,0.0264,0.5200,0.5307,1.7961,2.2565,1.7480,9.4461,20.1222,12.4423
370,0.0028,0.0212,0.5469,0.5840,1.9931,1.7469,2.0930,17.4956,15.8423,8.5040
371,0.0047,0.0266,0.5182,0.4931,3.0690,2.1611,1.6831,14.8965,19.0953,11.2159
372,0.0054,0.0200,0.5153,0.3636,2.3463,2.7716,1.5635,25.8177,35.7436,12.9784
373,0.0036,0.0220,0.5502,0.3700,1.9494,1.7229,1.4991,6.1232,49.0622,9.9658
374,0.0063,0.0210,0.4238,0.4746,2.1792,1.9231,1.6377,11.4528,22.9836,12.8623
375,0.0085,0.0258,0.4601,0.4201,1.8213,3.5645,1.3243,28.6094,11.9004,17.3128
376,0.0039,0.0152,0.4788,0.5117,2.1453,2.3200,1.8757,31.2248,79.3638,21.2933
377,0.0022,0.0217,0.4824,0.3481,1.9005,1.8373,2.6670,15.0584,4.7261,14.5210
378,0.0027,0.0228,0.5226,0.4077,1.9511,1.7505,2.0718,9.7745,13.0154,12.3285
379,0.0021,0.0203,0.4798,0.4698,3.2181,2.7611,2.3396,22.5499,16.6628,5.6022
380,0.0021,0.0211,0.4877,0.3998,1.8952,2.2107,1.6671,39.2848,25.7902,11.4741
381,0.0222,0.0240,0.4973,0.5119,1.8431,2.7416,2.1087,17.7436,15.8378,21.6169
382,0.0032,0.0159,0.4415,0.4409,1.9435,2.7795,1.7810,10.8599,15.5269,14.1935
383,0.0153,0.0204,0.5053,0.4080,2.0058,1.9512,1.8486,14.5718,19.9107,15.2491
384,0.0026,0.0331,0.4897,0.4201,1.6473,2.2408,2.0534,16.1020,27.0658,7.7766
385,0.0069,0.0176,0.5317,0.4683,1.7023,3.7992,1.3647,17.0353,23.9212,9.5636
386,0.0095,0.0195,0.4851,0.4559,2.2955,1.8393,1.4662,10.0818,28.8445,25.4142
387,0.0043,0.0204,0.5044,0.4810,1.8684,2.5119,1.2393,32.3788,26.8565,11.4435
388,0.0067,0.0180,0.4821,0.4148,1.7582,3.6351,1.3732,8.9540,14.3761,12.3975
389,0.0046,0.0160,0.5050,0.4120,2.4787,1.7641,1.5927,24.2738,25.2513,6.5859
390,0.0029,0.0303,0.5820,0.3828,1.8231,2.1228,3.6603,55.9877,24.0428,11.1473
391,0.0016,0.0209,0.5488,0.3916,2.6666,1.5944,1.4779,29.0999,17.9846,7.1864
392,0.0018,0.0251,0.4709,0.4785,1.9323,2.9468,1.6962,18.5425,10.0904,14.3618
393,0.0032,0.0261,0.5154,0.4267,3.2957,3.5324,1.6946,16.2809,13.7117,13.1340
394,0.0073,0.0123,0.5949,0.4162,1.7570,1.8335,2.1333,20.9106,13.6046,20.7742
395,0.0036,0.0200,0.5187,0.4097,1.8477,1.8724,2.0973,26.0660,8.8765,13.8699
396,0.0083,0.0483,0.5642,0.4459,2.0341,1.7981,1.5222,26.6064,29.2438,4.7700
397,0.0110,0.0155,0.5082,0.4326,1.9637,1.7451,1.4725,20.0720,29.0599,24.5585
398,0.0092,0.0144,0.5087,0.4586,1.9978,2.0023,1.5064,19.7073,40.5987,7.4295
399,0.0017,0.0330,0.5098,0.4583,1.8164,2.3540,1.8450,19.1276,11.2446,6.5173
400,0.0039,0.0223,0.4840,0.3790,1.6608,2.2414,2.4843,27.0854,21.0580,7.6179
401,0.0072,0.0171,0.4917,0.5135,2.1093,3.1253,2.3420,11.6064,37.5169,18.4173
402,0.0107,0.0189,0.4831,0.3917,1.8316,1.9176,2.3566,22.0059,29.4364,5.2559
403,0.0091,0.0200,0.5027,0.4393,1.8520,2.1706,1.7591,9.8290,30.7062,9.1098
404,0.0344,0.0178,0.4542,0.4012,1.9987,3.6586,1.7578,23.5454,28.4199,5.5141
405,0.0029,0.0260,0.5343,0.4869,3.2067,3.4423,1.7723,33.1754,14.7904,9.4281
406,0.0078,0.0330,0.4713,0.4480,2.4748,4.0735,1.3135,9.0767,7.9020,22.7858
407,0.0086,0.0335,0.5976,0.4662,2.9106,1.9959,1.6609,7.4261,22.6097,8.6432
408,0.0028,0.0258,0.5222,0.4977,2.1974,2.0963,1.3378,10.5611,18.9704,3.5763
409,0.0107,0.0167,0.5364,0.4086,2.2604,2.4521,1.9276,16.3732,59.5662,5.3587
410,0.0058,0.0163,0.5499,0.3836,2.1175,2.5111,1.8929,10.4375,26.3433,10.3797
411,0.0076,0.0254,0.5384,0.4249,1.7258,2.6782,1.4874,31.0450,24.6455,7.1774
412,0.0065,0.0156,0.5308,0.4480,2.9015,1.6840,1.4182,11.6757,8.5056,12.6585
413,0.0038,0.0244,0.4448,0.4492,2.2834,2.6866,1.6742,14.2551,12.2783,15.5500
414,0.0059,0.0307,0.4636,0.4150,2.1988,2.6522,2.5336,9.2992,6.5057,4.1743
415,0.0176,0.0308,0.4813,0.5150,2.0409,1.8621,1.4737,22.4296,20.5692,14.8455
416,0.0015,0.0314,0.5236,0.5824,1.8290,2.1518,1.6240,11.5445,14.1940,23.0606
417,0.0025,0.0227,0.4845,0.4602,1.9382,9.0457,2.3556,10.6887,36.0230,13.8921
418,0.0012,0.0247,0.5431,0.3953,1.8767,1.7368,1.4652,48.8169,45.4417,31.9325
419,0.0031,0.0301,0.5798,0.4962,2.1745,1.9226,1.7080,76.3424,20.7747,12.3358
420,0.0014,0.0221,0.5421,0.4151,2.0551,2.5270,1.3413,36.8598,16.3157,12.1562
421,0.0115,0.0133,0.5249,0.3907,2.2490,2.8738,1.5844,21.3252,14.5086,17.0948
422,0.0258,0.0261,0.5140,0.3734,1.7155,1.7622,2.0523,11.8285,25.8348,17.2794
423,0.0023,0.0307,0.4654,0.4246,2.4850,1.9772,1.2660,12.0095,15.8409,33.4591
424,0.0037,0.0258,0.4961,0.5010,1.8490,2.0169,2.4374,45.8859,26.8654,7.6087
425,0.0176,0.0281,0.5177,0.4382,1.9512,1.8327,2.4902,14.3604,18.4225,4.9990
426,0.0213,0.0464,0.5039,0.4563,2.0352,2.1503,1.5732,19.5558,11.7259,16.3152
427,0.0014,0.0186,0.5671,0.3635,2.0892,2.0910,1.8150,59.5021,6.6072,9.6111
428,0.0032,0.0569,0.5536,0.4486,1.8916,2.2104,1.7215,11.6342,45.3150,9.7415
429,0.0051,0.0328,0.5567,0.4185,1.9807,2.2811,1.4037,15.0132,21.4345,10.4963
430,0.0129,0.0210,0.5197,0.4962,2.2074,3.6266,1.6011,17.2920,11.8704,14.8256
431,0.0099,0.0235,0.5550,0.3679,2.8986,3.1643,1.6163,31.4654,25.1110,9.7520
432,0.0038,0.0288,0.5036,0.5434,4.1843,2.5945,2.0135,36.0073,40.9852,19.9490
433,0.0101,0.0155,0.5536,0.4508,2.2966,3.8684,1.4215,36.1933,41.0521,8.9698
434,0.0109,0.0409,0.5096,0.4866,2.1015,2.8121,1.3828,27.6206,18.2658,48.9285
435,0.0035,0.0181,0.5051,0.4905,2.0182,2.2816,1.2980,21.4592,12.5463,15.9636
436,0.0060,0.0213,0.6075,0.4444,1.9798,2.5711,1.7964,25.8378,17.2641,17.7302
437,0.0287,0.0382,0.4737,0.4599,3.9590,3.2514,1.7002,17.5772,40.2953,18.1992
438,0.0150,0.0292,0.4869,0.4189,3.1027,1.6533,1.7628,18.7202,22.6282,14.8190
439,0.0140,0.0158,0.5479,0.5951,2.0843,2.3376,1.8771,35.6587,25.0327,4.9252
440,0.0041,0.0214,0.6315,0.4532,2.2011,1.8661,1.5844,12.6153,69.0462,12.1941
441,0.0024,0.0277,0.6043,0.4346,2.2519,2.0521,2.4812,29.7035,39.8790,20.9274
442,0.0162,0.0192,0.5182,0.4654,2.4276,2.3318,1.7008,12.5934,25.4372,32.0643
443,0.0039,0.0206,0.5810,0.4109,1.9170,2.5762,1.8845,26.1847,15.2387,10.3167
444,0.0080,0.0191,0.5207,0.5216,2.2238,3.9506,2.0497,36.2881,21.4441,4.5385
445,0.0054,0.0170,0.5047,0.4689,2.5603,1.8186,1.5616,25.6906,13.1557,15.4458
446,0.0073,0.0200,0.6031,0.4147,1.8079,1.9850,1.6481,20.8593,4.8601,6.2398
447,0.0107,0.0195,0.5129,0.4339,3.9196,3.6182,1.4636,48.5743,41.6358,28.1880
448,0.0040,0.0315,0.5784,0.4764,2.1387,3.7893,2.3540,19.9416,34.8616,10.1075
449,0.0146,0.0251,0.4794,0.4434,2.7938,2.2062,2.5917,28.1829,21.8512,2.2516
450,0.0317,0.0179,0.4776,0.4349,3.4302,3.4488,1.4767,36.6851,42.4557,9.2647
451,0.0061,0.0191,0.4949,0.4369,2.3460,2.6581,1.5379,9.9110,27.1264,15.8432
452,0.0023,0.0201,0.4677,0.4856,2.1519,2.8673,1.5096,30.5550,23.4063,4.5727
453,0.0024,0.0290,0.5425,0.4724,2.2862,4.0799,1.5747,11.7089,4.7749,10.1836
454,0.0094,0.0205,0.6076,0.4384,1.7270,2.0250,1.7347,45.0841,27.3259,15.1545
455,0.0072,0.0274,0.5581,0.4248,2.8435,2.7923,2.7820,25.9677,33.1908,13.6311
456,0.0089,0.0392,0.5536,0.4355,2.3177,2.8793,1.6531,40.8579,18.3404,11.6163
457,0.0054,0.0177,0.5426,0.4816,3.1714,2.0795,1.6881,13.1622,44.3768,15.6554
458,0.0013,0.0130,0.5048,0.4655,3.8911,3.4728,1.5943,11.2416,39.2843,9.9895
459,0.0056,0.0147,0.4808,0.4585,4.0261,1.8116,2.0715,31.5453,8.9955,12.7363
460,0.0113,0.0288,0.4832,0.4776,2.1675,2.3441,1.5593,24.8101,57.0068,12.9621
461,0.0081,0.0158,0.5702,0.4095,2.1030,4.0159,1.3179,37.5720,23.2352,13.8791
462,0.0119,0.0198,0.4888,0.4610,2.3323,2.4283,1.7094,27.5664,11.2204,13.2089
463,0.0107,0.0229,0.5271,0.4958,2.3258,2.5381,1.3820,36.9077,7.0507,9.3466
464,0.0061,0.0169,0.4703,0.4318,2.5477,2.3178,1.6042,12.6346,70.8790,14.7888
465,0.0070,0.0296,0.5305,0.4861,3.0270,2.0313,1.3522,18.5833,29.9626,14.0329
466,0.0038,0.0196,0.6037,0.5053,2.6460,2.6326,1.4417,43.2344,34.5795,17.9664
467,0.0032,0.0193,0.5283,0.4452,1.8596,2.3087,1.6935,7.0944,12.7190,16.5814
468,0.0035,0.0138,0.5545,0.4742,2.1150,2.6672,1.3957,27.6810,10.2005,21.6501
469,0.0041,0.0457,0.4674,0.5416,2.3951,4.7018,1.3986,25.4584,60.1739,40.8316
470,0.0116,0.0284,0.4839,0.4574,3.1326,3.1416,1.5120,20.9078,31.4390,22.4477
471,0.0011,0.0254,0.5498,0.4373,2.2385,2.4879,1.9483,44.7496,28.6738,29.4754
472,0.0059,0.0225,0.5039,0.4656,2.0915,2.1893,1.2450,12.3057,24.7613,32.6062
473,0.0012,0.0243,0.5076,0.4742,2.5890,3.4013,2.5872,7.3624,26.2385,14.0075
474,0.0020,0.0190,0.4938,0.4416,2.5768,1.7823,1.7106,85.6727,37.4655,18.2011
475,0.0046,0.0396,0.5917,0.5173,2.4319,3.0776,1.6077,5.6436,39.9808,17.3543
476,0.0132,0.0313,0.5774,0.5556,2.0590,3.3635,1.2924,19.4809,28.8376,26.4433
477,0.0069,0.0195,0.5309,0.4502,1.7914,2.6954,2.1815,17.8373,12.2228,6.1084
478,0.0047,0.0288,0.5572,0.5070,2.2472,1.9098,1.5685,27.1862,68.9213,11.8994
479,0.0050,0.0167,0.4985,0.4810,1.8475,2.3057,2.7611,34.7573,51.1647,31.9113
480,0.0048,0.0215,0.5170,0.5794,1.8577,2.2760,1.7701,15.7255,29.8196,12.5446
481,0.0032,0.0174,0.4676,0.4881,1.9067,2.0720,1.7080,12.4497,18.0017,56.8383
482,0.0440,0.0293,0.5178,0.4718,2.0450,2.1433,2.7328,33.2930,36.6670,6.1917
483,0.0102,0.0554,0.5367,0.4573,4.8593,3.5907,2.5284,37.4506,71.7583,11.8953
484,0.0408,0.0430,0.5376,0.4506,1.7554,3.5049,1.9787,32.7860,38.2366,9.1541
485,0.0077,0.0282,0.5409,0.5352,2.3317,2.5413,1.8094,35.3446,15.8466,42.9663
486,0.0148,0.0279,0.5145,0.5250,7.4063,2.0711,1.8058,28.8558,18.9176,5.8441
487,0.0020,0.0234,0.5733,0.4257,2.0942,2.5196,2.5227,22.6229,46.0113,15.4490
488,0.0076,0.0233,0.5988,0.4591,2.6280,3.1420,1.6252,11.2464,22.9214,18.3884
489,0.0092,0.0529,0.5826,0.5363,3.2230,4.0499,1.9980,27.2403,23.9093,37.6510
490,0.0047,0.0197,0.6770,0.4466,4.0977,2.0132,2.3268,20.2396,42.0996,14.8602
491,0.0061,0.0243,0.5136,0.4679,3.0698,2.1551,1.7867,34.9301,15.1620,7.9341
492,0.0167,0.0426,0.5069,0.4514,3.8709,1.8140,1.7374,15.9672,54.2539,13.6582
493,0.0044,0.0175,0.5383,0.4889,2.5824,1.6848,2.1299,17.9262,10.8554,9.7740
494,0.0036,0.0227,0.5787,0.4800,2.1714,2.4942,3.6282,25.3659,41.7626,21.3750
495,0.0109,0.0196,0.5073,0.4574,2.0356,2.8306,1.5048,13.6481,31.1546,19.9279
496,0.0056,0.0248,0.5295,0.4667,2.1478,2.4631,3.0052,21.9240,23.5306,6.8891
497,0.0017,0.0138,0.5086,0.5146,2.4017,2.7142,2.0336,10.2990,41.1200,25.4594
498,0.0005,0.0179,0.5825,0.4457,4.4966,2.2311,1.4022,57.0509,93.3352,22.8905
499,0.0035,0.0178,0.5887,0.4935,2.5734,3.7567,1.4892,58.4807,38.3274,27.3376
500,0.0071,0.0412,0.5277,0.4504,2.4988,5.5262,1.4943,22.8342,21.5757,16.2604
