Round,Subset,0,1,2,3,4,5,6,7,8,9
1,1,1.0,0.0,0.0,0.0,0.0,0.0,0.0,0.0,0.0,0.0
1,2,0.0,1.0,0.0,0.0,0.0,0.0,0.0,0.0,0.0,0.0
1,3,0.0,0.0,1.0,0.0,0.0,0.0,0.0,0.0,0.0,0.0
1,4,0.0,0.0,0.0,1.0,0.0,0.0,0.0,0.0,0.0,0.0
1,5,0.0,0.0,0.0,0.0,1.0,0.0,0.0,0.0,0.0,0.0
1,6,0.0,0.0,0.0,0.0,0.0,1.0,0.0,0.0,0.0,0.0
1,7,0.0,0.0,0.0,0.0,0.0,0.0,1.0,0.0,0.0,0.0
1,8,0.0,0.0,0.0,0.0,0.0,0.0,0.0,1.0,0.0,0.0
1,9,0.0,0.0,0.0,0.0,0.0,0.0,0.0,0.0,1.0,0.0
1,10,0.0,0.0,0.0,0.0,0.0,0.0,0.0,0.0,0.0,1.0
1,Aggregated,0.007,0.409,0.086,0.004,0.363,0.015,0.317,0.106,0.244,0.206
2,1,1.0,0.0,0.0,0.0,0.0,0.0,0.0,0.0,0.0,0.0
2,2,0.0,1.0,0.0,0.0,0.0,0.0,0.0,0.0,0.0,0.0
2,3,0.0,0.0,1.0,0.0,0.0,0.0,0.0,0.0,0.0,0.0
2,4,0.0,0.0,0.0,1.0,0.0,0.0,0.0,0.0,0.0,0.0
2,5,0.0,0.0,0.0,0.0,1.0,0.0,0.0,0.0,0.0,0.0
2,6,0.0,0.0,0.0,0.0,0.0,1.0,0.0,0.0,0.0,0.0
2,7,0.0,0.0,0.0,0.0,0.0,0.0,1.0,0.0,0.0,0.0
2,8,0.0,0.0,0.0,0.0,0.0,0.0,0.0,1.0,0.0,0.0
2,9,0.0,0.0,0.0,0.0,0.0,0.0,0.0,0.0,1.0,0.0
2,10,0.0,0.0,0.0,0.0,0.0,0.0,0.0,0.0,0.0,1.0
2,Aggregated,0.271,0.178,0.021,0.069,0.232,0.218,0.062,0.207,0.515,0.432
3,1,1.0,0.0,0.0,0.0,0.0,0.0,0.0,0.0,0.0,0.0
3,2,0.0,1.0,0.0,0.0,0.0,0.0,0.0,0.0,0.0,0.0
3,3,0.0,0.0,1.0,0.0,0.0,0.0,0.0,0.0,0.0,0.0
3,4,0.0,0.0,0.0,1.0,0.0,0.0,0.0,0.0,0.0,0.0
3,5,0.0,0.0,0.0,0.0,1.0,0.0,0.0,0.0,0.0,0.0
3,6,0.0,0.0,0.0,0.0,0.0,1.0,0.0,0.0,0.003,0.0
3,7,0.0,0.0,0.0,0.0,0.0,0.0,1.0,0.0,0.0,0.0
3,8,0.0,0.0,0.0,0.0,0.0,0.0,0.0,1.0,0.0,0.0
3,9,0.0,0.0,0.0,0.001,0.0,0.0,0.0,0.0,1.0,0.0
3,10,0.0,0.0,0.0,0.0,0.0,0.0,0.0,0.0,0.0,1.0
3,Aggregated,0.566,0.31,0.084,0.186,0.32,0.264,0.153,0.118,0.407,0.229
4,1,1.0,0.0,0.0,0.0,0.0,0.0,0.0,0.0,0.0,0.0
4,2,0.0,1.0,0.0,0.0,0.0,0.0,0.0,0.0,0.0,0.0
4,3,0.0,0.0,1.0,0.0,0.0,0.0,0.0,0.0,0.0,0.0
4,4,0.004,0.0,0.0,1.0,0.0,0.0,0.0,0.0,0.014,0.0
4,5,0.0,0.0,0.0,0.0,1.0,0.0,0.0,0.0,0.008,0.0
4,6,0.0,0.0,0.0,0.0,0.0,1.0,0.0,0.0,0.038,0.0
4,7,0.103,0.0,0.0,0.0,0.0,0.0,0.999,0.0,0.393,0.0
4,8,0.0,0.0,0.0,0.0,0.0,0.0,0.0,1.0,0.014,0.0
4,9,0.0,0.0,0.0,0.022,0.0,0.0,0.019,0.0,0.999,0.0
4,10,0.0,0.0,0.0,0.0,0.001,0.0,0.0,0.0,0.0,1.0
4,Aggregated,0.531,0.251,0.042,0.161,0.183,0.272,0.433,0.249,0.519,0.312
5,1,1.0,0.0,0.0,0.0,0.0,0.0,0.028,0.0,0.0,0.0
5,2,0.0,1.0,0.0,0.0,0.0,0.0,0.0,0.0,0.0,0.0
5,3,0.0,0.0,1.0,0.0,0.0,0.0,0.0,0.0,0.0,0.0
5,4,0.0,0.0,0.0,1.0,0.0,0.0,0.0,0.0,0.078,0.001
5,5,0.0,0.001,0.0,0.0,1.0,0.0,0.0,0.0,0.011,0.007
5,6,0.0,0.0,0.0,0.0,0.0,1.0,0.0,0.0,0.077,0.002
5,7,0.228,0.0,0.0,0.0,0.0,0.0,0.998,0.0,0.131,0.059
5,8,0.0,0.0,0.0,0.0,0.0,0.0,0.0,1.0,0.106,0.0
5,9,0.0,0.0,0.045,0.002,0.152,0.026,0.005,0.015,0.999,0.0
5,10,0.0,0.0,0.0,0.0,0.028,0.0,0.003,0.0,0.0,1.0
5,Aggregated,0.501,0.352,0.132,0.067,0.437,0.3,0.312,0.289,0.486,0.353
6,1,1.0,0.0,0.0,0.0,0.0,0.001,0.002,0.0,0.0,0.0
6,2,0.0,1.0,0.0,0.0,0.012,0.0,0.0,0.0,0.0,0.0
6,3,0.0,0.0,1.0,0.0,0.0,0.0,0.0,0.0,0.0,0.0
6,4,0.079,0.0,0.0,0.999,0.0,0.0,0.0,0.0,0.201,0.011
6,5,0.0,0.001,0.0,0.0,0.999,0.0,0.0,0.0,0.148,0.009
6,6,0.152,0.018,0.0,0.0,0.0,0.998,0.0,0.0,0.119,0.122
6,7,0.131,0.053,0.0,0.0,0.0,0.0,0.998,0.005,0.389,0.075
6,8,0.001,0.001,0.0,0.0,0.0,0.0,0.0,1.0,0.144,0.01
6,9,0.0,0.0,0.004,0.083,0.117,0.001,0.371,0.048,0.992,0.0
6,10,0.0,0.0,0.0,0.006,0.101,0.006,0.0,0.0,0.0,0.999
6,Aggregated,0.515,0.361,0.129,0.143,0.477,0.141,0.377,0.395,0.481,0.408
7,1,0.999,0.0,0.0,0.007,0.019,0.02,0.118,0.0,0.0,0.0
7,2,0.0,0.999,0.001,0.002,0.151,0.0,0.0,0.0,0.0,0.0
7,3,0.0,0.0,1.0,0.0,0.0,0.0,0.0,0.0,0.003,0.0
7,4,0.01,0.0,0.0,1.0,0.0,0.0,0.0,0.0,0.262,0.001
7,5,0.0,0.004,0.0,0.0,0.998,0.0,0.0,0.0,0.058,0.05
7,6,0.014,0.041,0.0,0.0,0.0,0.999,0.0,0.0,0.221,0.114
7,7,0.002,0.008,0.0,0.0,0.0,0.0,1.0,0.0,0.273,0.031
7,8,0.0,0.003,0.0,0.0,0.0,0.0,0.0,1.0,0.124,0.0
7,9,0.0,0.0,0.003,0.003,0.27,0.073,0.167,0.159,0.994,0.0
7,10,0.0,0.0,0.008,0.126,0.212,0.003,0.008,0.012,0.0,0.997
7,Aggregated,0.433,0.38,0.088,0.204,0.495,0.175,0.466,0.368,0.496,0.391
8,1,1.0,0.0,0.0,0.0,0.0,0.0,0.008,0.0,0.0,0.0
8,2,0.0,1.0,0.133,0.007,0.112,0.0,0.029,0.022,0.0,0.0
8,3,0.009,0.002,1.0,0.0,0.0,0.0,0.0,0.0,0.012,0.0
8,4,0.131,0.0,0.0,0.999,0.0,0.0,0.0,0.0,0.145,0.039
8,5,0.0,0.0,0.0,0.0,1.0,0.0,0.0,0.0,0.015,0.04
8,6,0.065,0.017,0.0,0.0,0.0,0.999,0.0,0.0,0.318,0.01
8,7,0.108,0.062,0.0,0.0,0.0,0.0,0.998,0.0,0.286,0.097
8,8,0.009,0.004,0.0,0.0,0.0,0.0,0.0,1.0,0.15,0.019
8,9,0.0,0.0,0.004,0.016,0.362,0.008,0.012,0.074,0.998,0.0
8,10,0.008,0.0,0.015,0.046,0.442,0.021,0.002,0.04,0.0,0.997
8,Aggregated,0.532,0.424,0.218,0.13,0.458,0.203,0.396,0.401,0.417,0.42
9,1,1.0,0.0,0.0,0.0,0.038,0.057,0.165,0.0,0.0,0.0
9,2,0.034,0.998,0.044,0.002,0.31,0.003,0.011,0.033,0.001,0.0
9,3,0.0,0.001,1.0,0.0,0.0,0.0,0.0,0.0,0.058,0.002
9,4,0.012,0.0,0.0,1.0,0.0,0.0,0.0,0.0,0.122,0.008
9,5,0.0,0.032,0.0,0.0,1.0,0.0,0.0,0.0,0.114,0.034
9,6,0.084,0.191,0.0,0.0,0.0,0.999,0.0,0.0,0.238,0.106
9,7,0.062,0.019,0.0,0.0,0.0,0.0,0.999,0.0,0.374,0.085
9,8,0.007,0.019,0.0,0.0,0.0,0.0,0.0,1.0,0.198,0.0
9,9,0.0,0.0,0.018,0.015,0.272,0.028,0.085,0.033,0.996,0.0
9,10,0.04,0.0,0.001,0.01,0.173,0.04,0.024,0.0,0.006,0.999
9,Aggregated,0.469,0.457,0.129,0.105,0.461,0.284,0.499,0.373,0.514,0.428
10,1,0.999,0.0,0.003,0.0,0.099,0.064,0.122,0.012,0.0,0.0
10,2,0.055,0.999,0.177,0.005,0.129,0.021,0.006,0.034,0.002,0.0
10,3,0.0,0.025,0.999,0.0,0.0,0.0,0.0,0.0,0.043,0.005
10,4,0.037,0.0,0.0,1.0,0.0,0.0,0.0,0.0,0.243,0.03
10,5,0.0,0.215,0.0,0.0,0.995,0.0,0.0,0.0,0.079,0.122
10,6,0.104,0.042,0.0,0.0,0.0,0.999,0.0,0.0,0.25,0.238
10,7,0.08,0.013,0.0,0.0,0.0,0.0,0.999,0.0,0.276,0.029
10,8,0.034,0.03,0.0,0.0,0.0,0.0,0.0,0.995,0.402,0.033
10,9,0.0,0.0,0.009,0.002,0.282,0.008,0.211,0.071,0.997,0.0
10,10,0.071,0.0,0.035,0.019,0.265,0.094,0.034,0.009,0.02,0.999
10,Aggregated,0.464,0.501,0.198,0.115,0.36,0.289,0.473,0.434,0.477,0.472
11,1,1.0,0.002,0.01,0.012,0.007,0.027,0.103,0.01,0.0,0.001
11,2,0.042,0.995,0.122,0.006,0.411,0.001,0.011,0.137,0.009,0.0
11,3,0.001,0.033,0.998,0.0,0.0,0.0,0.0,0.0,0.121,0.071
11,4,0.149,0.003,0.0,1.0,0.0,0.0,0.0,0.0,0.168,0.121
11,5,0.0,0.103,0.0,0.0,0.996,0.0,0.0,0.0,0.238,0.109
11,6,0.093,0.078,0.0,0.0,0.0,0.999,0.0,0.0,0.259,0.284
11,7,0.267,0.041,0.0,0.0,0.0,0.0,0.998,0.016,0.361,0.082
11,8,0.027,0.148,0.0,0.0,0.0,0.0,0.0,0.995,0.289,0.104
11,9,0.0,0.0,0.019,0.022,0.25,0.043,0.429,0.137,0.993,0.0
11,10,0.086,0.0,0.069,0.059,0.273,0.029,0.005,0.043,0.01,0.999
11,Aggregated,0.467,0.468,0.265,0.153,0.308,0.203,0.46,0.473,0.494,0.515
12,1,1.0,0.0,0.004,0.004,0.096,0.008,0.127,0.004,0.0,0.003
12,2,0.075,0.998,0.215,0.045,0.219,0.03,0.002,0.108,0.003,0.0
12,3,0.005,0.026,1.0,0.0,0.0,0.0,0.0,0.0,0.072,0.007
12,4,0.054,0.015,0.0,1.0,0.0,0.0,0.0,0.0,0.214,0.088
12,5,0.0,0.034,0.0,0.0,0.998,0.0,0.0,0.0,0.186,0.065
12,6,0.125,0.125,0.0,0.0,0.0,0.999,0.0,0.0,0.202,0.162
12,7,0.225,0.042,0.0,0.0,0.0,0.0,0.997,0.017,0.435,0.224
12,8,0.028,0.097,0.0,0.0,0.0,0.0,0.0,0.999,0.219,0.026
12,9,0.0,0.0,0.202,0.012,0.218,0.085,0.096,0.135,0.997,0.0
12,10,0.096,0.0,0.008,0.018,0.298,0.076,0.033,0.063,0.049,1.0
12,Aggregated,0.461,0.516,0.236,0.145,0.375,0.274,0.444,0.444,0.51,0.496
13,1,1.0,0.001,0.0,0.005,0.003,0.004,0.02,0.009,0.0,0.001
13,2,0.092,0.999,0.299,0.026,0.103,0.047,0.054,0.076,0.01,0.0
13,3,0.001,0.027,0.999,0.0,0.0,0.0,0.0,0.0,0.035,0.022
13,4,0.091,0.014,0.0,0.999,0.0,0.0,0.0,0.0,0.255,0.054
13,5,0.0,0.007,0.0,0.0,1.0,0.0,0.0,0.0,0.041,0.059
13,6,0.085,0.011,0.0,0.0,0.0,0.999,0.0,0.0,0.208,0.069
13,7,0.149,0.02,0.0,0.0,0.0,0.0,0.998,0.012,0.327,0.17
13,8,0.172,0.073,0.0,0.0,0.0,0.0,0.0,0.997,0.216,0.011
13,9,0.0,0.0,0.069,0.026,0.204,0.044,0.049,0.129,0.999,0.0
13,10,0.142,0.0,0.077,0.012,0.296,0.09,0.016,0.059,0.066,0.999
13,Aggregated,0.508,0.465,0.267,0.154,0.316,0.315,0.428,0.468,0.487,0.513
14,1,0.991,0.004,0.009,0.004,0.052,0.044,0.302,0.06,0.0,0.001
14,2,0.037,0.998,0.12,0.019,0.205,0.155,0.013,0.134,0.031,0.0
14,3,0.001,0.067,1.0,0.0,0.0,0.0,0.0,0.0,0.044,0.036
14,4,0.041,0.054,0.0,1.0,0.0,0.0,0.0,0.0,0.067,0.109
14,5,0.0,0.065,0.0,0.0,0.997,0.0,0.0,0.0,0.074,0.195
14,6,0.241,0.008,0.0,0.0,0.0,0.999,0.0,0.0,0.19,0.059
14,7,0.134,0.038,0.0,0.0,0.0,0.0,0.998,0.012,0.376,0.16
14,8,0.201,0.022,0.0,0.001,0.0,0.0,0.0,0.996,0.308,0.002
14,9,0.0,0.001,0.179,0.083,0.103,0.005,0.048,0.104,0.999,0.0
14,10,0.145,0.0,0.085,0.062,0.335,0.155,0.015,0.061,0.025,0.998
14,Aggregated,0.468,0.492,0.273,0.174,0.339,0.315,0.445,0.455,0.501,0.507
15,1,1.0,0.006,0.023,0.027,0.007,0.091,0.063,0.015,0.0,0.0
15,2,0.046,0.998,0.13,0.025,0.282,0.066,0.021,0.115,0.01,0.0
15,3,0.005,0.078,1.0,0.0,0.0,0.0,0.0,0.0,0.071,0.064
15,4,0.093,0.057,0.0,0.999,0.0,0.0,0.0,0.0,0.286,0.114
15,5,0.001,0.034,0.0,0.0,0.998,0.0,0.0,0.0,0.185,0.127
15,6,0.166,0.174,0.0,0.0,0.0,0.999,0.0,0.0,0.271,0.198
15,7,0.266,0.049,0.001,0.0,0.0,0.0,0.998,0.046,0.329,0.183
15,8,0.054,0.131,0.0,0.0,0.0,0.0,0.0,0.997,0.357,0.037
15,9,0.0,0.003,0.134,0.027,0.174,0.053,0.124,0.158,0.999,0.0
15,10,0.14,0.0,0.173,0.042,0.151,0.183,0.059,0.082,0.007,0.999
15,Aggregated,0.459,0.529,0.291,0.157,0.294,0.315,0.451,0.465,0.535,0.498
16,1,0.996,0.008,0.046,0.023,0.011,0.081,0.243,0.054,0.0,0.006
16,2,0.161,0.994,0.158,0.035,0.335,0.065,0.135,0.112,0.034,0.0
16,3,0.0,0.008,0.999,0.0,0.0,0.0,0.0,0.002,0.08,0.051
16,4,0.056,0.011,0.0,1.0,0.0,0.0,0.0,0.0,0.225,0.005
16,5,0.001,0.104,0.0,0.0,0.998,0.0,0.0,0.0,0.165,0.124
16,6,0.248,0.002,0.0,0.0,0.0,0.999,0.0,0.0,0.206,0.207
16,7,0.303,0.076,0.001,0.0,0.0,0.0,0.998,0.006,0.422,0.077
16,8,0.106,0.169,0.0,0.0,0.0,0.0,0.0,0.998,0.348,0.019
16,9,0.0,0.0,0.036,0.02,0.353,0.016,0.269,0.225,0.994,0.0
16,10,0.134,0.0,0.174,0.042,0.238,0.063,0.094,0.089,0.053,0.996
16,Aggregated,0.49,0.477,0.271,0.138,0.325,0.264,0.523,0.478,0.554,0.464
17,1,1.0,0.007,0.063,0.002,0.013,0.097,0.114,0.048,0.0,0.0
17,2,0.158,0.999,0.131,0.027,0.213,0.105,0.011,0.091,0.017,0.0
17,3,0.0,0.112,0.999,0.0,0.0,0.0,0.0,0.0,0.081,0.037
17,4,0.113,0.015,0.0,1.0,0.0,0.0,0.0,0.0,0.148,0.062
17,5,0.0,0.217,0.0,0.0,0.998,0.0,0.0,0.0,0.212,0.103
17,6,0.316,0.228,0.0,0.0,0.0,0.996,0.0,0.0,0.224,0.202
17,7,0.254,0.102,0.0,0.0,0.0,0.0,0.997,0.046,0.418,0.248
17,8,0.059,0.159,0.0,0.0,0.0,0.0,0.001,0.997,0.272,0.126
17,9,0.0,0.001,0.069,0.03,0.263,0.046,0.244,0.124,0.998,0.0
17,10,0.112,0.0,0.136,0.036,0.323,0.17,0.099,0.065,0.042,0.998
17,Aggregated,0.469,0.565,0.313,0.123,0.311,0.335,0.46,0.47,0.491,0.493
18,1,1.0,0.008,0.006,0.012,0.125,0.09,0.067,0.016,0.0,0.011
18,2,0.102,0.997,0.131,0.055,0.37,0.081,0.119,0.09,0.014,0.0
18,3,0.0,0.091,1.0,0.0,0.0,0.0,0.0,0.0,0.074,0.029
18,4,0.155,0.115,0.0,0.999,0.0,0.0,0.0,0.0,0.148,0.16
18,5,0.002,0.159,0.0,0.0,0.998,0.0,0.0,0.0,0.147,0.094
18,6,0.243,0.035,0.0,0.0,0.0,1.0,0.0,0.0,0.11,0.08
18,7,0.378,0.045,0.002,0.0,0.0,0.0,0.995,0.04,0.422,0.208
18,8,0.214,0.191,0.0,0.0,0.0,0.0,0.0,0.999,0.281,0.031
18,9,0.0,0.001,0.167,0.005,0.168,0.102,0.326,0.171,0.996,0.0
18,10,0.202,0.0,0.102,0.051,0.303,0.144,0.089,0.064,0.047,0.998
18,Aggregated,0.498,0.588,0.239,0.137,0.402,0.334,0.487,0.433,0.473,0.466
19,1,0.999,0.005,0.008,0.014,0.091,0.047,0.159,0.02,0.0,0.002
19,2,0.178,0.998,0.262,0.08,0.054,0.083,0.108,0.144,0.042,0.0
19,3,0.007,0.121,0.999,0.0,0.0,0.0,0.0,0.002,0.031,0.142
19,4,0.037,0.032,0.0,1.0,0.0,0.0,0.0,0.0,0.072,0.042
19,5,0.002,0.141,0.0,0.0,0.998,0.0,0.0,0.0,0.044,0.148
19,6,0.141,0.061,0.0,0.0,0.0,0.999,0.0,0.0,0.268,0.33
19,7,0.19,0.034,0.002,0.0,0.0,0.0,0.999,0.018,0.352,0.257
19,8,0.118,0.111,0.0,0.0,0.0,0.0,0.002,1.0,0.209,0.008
19,9,0.0,0.003,0.035,0.043,0.203,0.182,0.287,0.206,0.996,0.0
19,10,0.17,0.0,0.126,0.086,0.089,0.06,0.051,0.067,0.055,1.0
19,Aggregated,0.493,0.559,0.261,0.181,0.298,0.295,0.504,0.475,0.468,0.549
20,1,0.999,0.002,0.003,0.01,0.054,0.016,0.123,0.016,0.0,0.004
20,2,0.149,0.996,0.167,0.118,0.303,0.149,0.068,0.162,0.03,0.0
20,3,0.002,0.035,1.0,0.0,0.0,0.0,0.0,0.003,0.042,0.059
20,4,0.046,0.063,0.0,0.999,0.0,0.0,0.0,0.0,0.231,0.148
20,5,0.001,0.018,0.0,0.0,0.999,0.0,0.0,0.0,0.067,0.07
20,6,0.157,0.191,0.0,0.0,0.0,0.997,0.0,0.0,0.377,0.153
20,7,0.305,0.303,0.001,0.0,0.0,0.0,0.995,0.045,0.363,0.321
20,8,0.221,0.103,0.001,0.0,0.0,0.0,0.005,0.997,0.26,0.019
20,9,0.0,0.003,0.103,0.111,0.281,0.074,0.304,0.209,0.995,0.0
20,10,0.164,0.0,0.18,0.07,0.347,0.06,0.033,0.123,0.04,0.998
20,Aggregated,0.479,0.525,0.26,0.232,0.394,0.254,0.446,0.48,0.527,0.49
21,1,0.993,0.014,0.013,0.003,0.13,0.031,0.238,0.071,0.0,0.005
21,2,0.163,0.994,0.118,0.187,0.362,0.132,0.084,0.186,0.052,0.0
21,3,0.013,0.015,0.999,0.0,0.0,0.0,0.0,0.001,0.044,0.021
21,4,0.07,0.034,0.0,1.0,0.0,0.0,0.0,0.0,0.117,0.067
21,5,0.003,0.06,0.0,0.0,0.998,0.0,0.0,0.0,0.161,0.215
21,6,0.297,0.168,0.0,0.0,0.0,0.999,0.0,0.0,0.247,0.242
21,7,0.371,0.107,0.001,0.0,0.0,0.0,0.998,0.102,0.36,0.156
21,8,0.117,0.226,0.003,0.0,0.0,0.0,0.003,0.999,0.244,0.064
21,9,0.0,0.001,0.209,0.046,0.187,0.259,0.15,0.219,0.995,0.0
21,10,0.181,0.0,0.161,0.032,0.261,0.125,0.079,0.088,0.069,0.996
21,Aggregated,0.482,0.534,0.257,0.145,0.388,0.344,0.468,0.466,0.497,0.511
22,1,0.995,0.021,0.027,0.085,0.131,0.111,0.189,0.024,0.0,0.006
22,2,0.099,0.994,0.194,0.066,0.226,0.208,0.15,0.174,0.019,0.0
22,3,0.0,0.015,1.0,0.0,0.0,0.0,0.0,0.001,0.016,0.025
22,4,0.133,0.085,0.0,1.0,0.001,0.0,0.0,0.0,0.172,0.056
22,5,0.044,0.191,0.0,0.001,0.994,0.0,0.0,0.0,0.197,0.193
22,6,0.26,0.113,0.0,0.0,0.0,0.998,0.0,0.0,0.33,0.272
22,7,0.292,0.124,0.0,0.0,0.0,0.001,0.999,0.062,0.318,0.179
22,8,0.112,0.12,0.0,0.0,0.0,0.0,0.0,1.0,0.26,0.026
22,9,0.0,0.007,0.134,0.016,0.212,0.233,0.343,0.254,0.99,0.0
22,10,0.232,0.0,0.13,0.037,0.115,0.254,0.124,0.048,0.104,0.998
22,Aggregated,0.468,0.573,0.273,0.164,0.351,0.354,0.489,0.456,0.513,0.47
23,1,0.999,0.043,0.099,0.006,0.089,0.137,0.073,0.039,0.0,0.013
23,2,0.167,0.997,0.208,0.092,0.276,0.079,0.048,0.157,0.051,0.0
23,3,0.02,0.071,0.998,0.0,0.0,0.0,0.0,0.003,0.069,0.148
23,4,0.212,0.075,0.0,1.0,0.0,0.0,0.0,0.0,0.205,0.144
23,5,0.001,0.058,0.0,0.0,0.999,0.0,0.0,0.0,0.158,0.164
23,6,0.282,0.075,0.0,0.0,0.0,0.998,0.0,0.001,0.196,0.212
23,7,0.298,0.227,0.002,0.0,0.0,0.001,0.994,0.09,0.508,0.351
23,8,0.116,0.2,0.003,0.0,0.0,0.001,0.015,0.997,0.277,0.031
23,9,0.0,0.001,0.163,0.034,0.195,0.154,0.22,0.184,0.997,0.002
23,10,0.164,0.0,0.157,0.067,0.199,0.13,0.068,0.126,0.09,0.997
23,Aggregated,0.483,0.523,0.288,0.177,0.376,0.315,0.472,0.448,0.527,0.533
24,1,0.999,0.007,0.004,0.003,0.084,0.039,0.102,0.015,0.0,0.0
24,2,0.191,0.994,0.248,0.148,0.159,0.13,0.081,0.191,0.057,0.0
24,3,0.005,0.16,0.996,0.0,0.0,0.0,0.0,0.001,0.103,0.141
24,4,0.245,0.06,0.0,0.999,0.0,0.0,0.0,0.001,0.257,0.104
24,5,0.022,0.154,0.0,0.001,0.996,0.001,0.0,0.004,0.274,0.202
24,6,0.271,0.274,0.0,0.0,0.0,0.997,0.0,0.001,0.25,0.292
24,7,0.486,0.27,0.004,0.001,0.0,0.003,0.995,0.066,0.297,0.242
24,8,0.18,0.151,0.007,0.0,0.0,0.0,0.009,0.998,0.258,0.08
24,9,0.0,0.012,0.183,0.053,0.058,0.126,0.399,0.256,0.996,0.009
24,10,0.234,0.0,0.089,0.028,0.296,0.125,0.104,0.111,0.125,0.993
24,Aggregated,0.515,0.591,0.276,0.162,0.335,0.307,0.519,0.472,0.509,0.496
25,1,0.999,0.011,0.096,0.009,0.027,0.099,0.189,0.042,0.0,0.002
25,2,0.145,0.993,0.195,0.122,0.299,0.166,0.113,0.169,0.058,0.0
25,3,0.0,0.085,0.999,0.0,0.0,0.0,0.0,0.0,0.119,0.074
25,4,0.147,0.082,0.0,1.0,0.0,0.0,0.0,0.001,0.171,0.085
25,5,0.009,0.132,0.0,0.0,0.998,0.0,0.0,0.0,0.222,0.069
25,6,0.306,0.234,0.0,0.0,0.0,0.995,0.0,0.008,0.266,0.423
25,7,0.324,0.211,0.002,0.0,0.0,0.0,0.999,0.065,0.354,0.225
25,8,0.21,0.131,0.001,0.001,0.0,0.0,0.006,0.997,0.425,0.055
25,9,0.0,0.012,0.079,0.045,0.169,0.142,0.279,0.335,0.995,0.007
25,10,0.212,0.0,0.074,0.051,0.382,0.097,0.102,0.069,0.064,0.999
25,Aggregated,0.484,0.561,0.267,0.191,0.364,0.338,0.475,0.478,0.533,0.5
26,1,0.994,0.018,0.085,0.07,0.024,0.092,0.275,0.061,0.0,0.009
26,2,0.203,0.994,0.144,0.043,0.281,0.094,0.189,0.198,0.054,0.0
26,3,0.006,0.177,0.998,0.001,0.0,0.0,0.0,0.003,0.098,0.138
26,4,0.153,0.258,0.0,0.999,0.0,0.0,0.0,0.002,0.238,0.135
26,5,0.003,0.092,0.0,0.001,0.996,0.0,0.0,0.0,0.262,0.25
26,6,0.345,0.133,0.0,0.0,0.0,0.998,0.0,0.004,0.22,0.194
26,7,0.372,0.128,0.001,0.0,0.0,0.003,0.998,0.06,0.459,0.194
26,8,0.079,0.289,0.008,0.001,0.0,0.0,0.003,0.997,0.458,0.077
26,9,0.0,0.014,0.187,0.076,0.144,0.164,0.239,0.281,0.996,0.005
26,10,0.24,0.0,0.206,0.004,0.162,0.137,0.085,0.097,0.129,0.994
26,Aggregated,0.479,0.578,0.328,0.196,0.31,0.289,0.498,0.472,0.541,0.494
27,1,0.994,0.015,0.035,0.014,0.073,0.127,0.267,0.071,0.0,0.01
27,2,0.206,0.996,0.315,0.073,0.089,0.204,0.072,0.134,0.029,0.0
27,3,0.004,0.074,1.0,0.0,0.0,0.0,0.0,0.001,0.167,0.032
27,4,0.161,0.101,0.0,0.998,0.0,0.0,0.0,0.001,0.288,0.122
27,5,0.002,0.045,0.0,0.0,0.998,0.0,0.0,0.0,0.127,0.095
27,6,0.178,0.213,0.0,0.0,0.0,0.997,0.0,0.0,0.305,0.096
27,7,0.402,0.225,0.007,0.002,0.0,0.001,0.999,0.114,0.34,0.273
27,8,0.09,0.277,0.003,0.002,0.0,0.0,0.012,0.998,0.415,0.069
27,9,0.0,0.008,0.069,0.027,0.304,0.197,0.228,0.232,0.996,0.007
27,10,0.276,0.0,0.283,0.029,0.245,0.151,0.066,0.108,0.137,0.987
27,Aggregated,0.48,0.558,0.332,0.182,0.343,0.331,0.476,0.478,0.559,0.459
28,1,0.998,0.034,0.072,0.018,0.086,0.114,0.189,0.049,0.0,0.005
28,2,0.083,0.995,0.236,0.144,0.185,0.173,0.101,0.182,0.032,0.0
28,3,0.002,0.094,1.0,0.001,0.0,0.0,0.0,0.003,0.079,0.081
28,4,0.11,0.131,0.0,1.0,0.0,0.0,0.0,0.003,0.226,0.098
28,5,0.0,0.119,0.0,0.0,0.997,0.0,0.0,0.0,0.216,0.14
28,6,0.259,0.117,0.0,0.0,0.0,0.997,0.0,0.001,0.306,0.282
28,7,0.329,0.295,0.007,0.002,0.0,0.004,0.998,0.063,0.265,0.151
28,8,0.147,0.148,0.015,0.001,0.0,0.0,0.026,0.998,0.27,0.022
28,9,0.0,0.019,0.185,0.087,0.19,0.164,0.225,0.242,0.992,0.007
28,10,0.286,0.0,0.095,0.036,0.264,0.163,0.047,0.062,0.083,0.995
28,Aggregated,0.464,0.6,0.293,0.223,0.355,0.306,0.482,0.478,0.535,0.486
29,1,0.998,0.007,0.04,0.006,0.12,0.062,0.212,0.06,0.0,0.007
29,2,0.184,0.997,0.214,0.089,0.169,0.12,0.14,0.197,0.059,0.0
29,3,0.017,0.115,0.999,0.001,0.0,0.0,0.0,0.007,0.167,0.139
29,4,0.148,0.131,0.0,1.0,0.0,0.0,0.0,0.0,0.12,0.162
29,5,0.005,0.088,0.0,0.0,0.999,0.0,0.0,0.0,0.122,0.178
29,6,0.248,0.141,0.0,0.0,0.0,0.997,0.0,0.0,0.368,0.237
29,7,0.342,0.247,0.004,0.001,0.0,0.002,0.999,0.042,0.263,0.185
29,8,0.156,0.12,0.004,0.0,0.002,0.0,0.016,0.998,0.374,0.014
29,9,0.0,0.024,0.214,0.094,0.077,0.212,0.162,0.23,0.993,0.01
29,10,0.223,0.0,0.085,0.082,0.239,0.115,0.151,0.128,0.089,0.998
29,Aggregated,0.488,0.585,0.275,0.21,0.353,0.287,0.518,0.484,0.518,0.51
30,1,0.995,0.03,0.064,0.038,0.008,0.045,0.226,0.052,0.0,0.019
30,2,0.212,0.991,0.24,0.072,0.342,0.184,0.227,0.163,0.048,0.0
30,3,0.0,0.036,1.0,0.001,0.0,0.0,0.0,0.006,0.048,0.085
30,4,0.17,0.141,0.0,0.999,0.001,0.0,0.0,0.001,0.161,0.182
30,5,0.004,0.098,0.0,0.0,0.999,0.0,0.0,0.0,0.261,0.088
30,6,0.183,0.181,0.0,0.0,0.0,0.996,0.0,0.001,0.351,0.19
30,7,0.232,0.395,0.005,0.001,0.0,0.004,0.999,0.093,0.379,0.202
30,8,0.151,0.257,0.013,0.001,0.0,0.0,0.042,0.998,0.252,0.066
30,9,0.0,0.038,0.278,0.165,0.117,0.132,0.226,0.266,0.986,0.021
30,10,0.271,0.0,0.131,0.065,0.294,0.172,0.044,0.075,0.081,0.995
30,Aggregated,0.489,0.651,0.317,0.241,0.353,0.303,0.48,0.434,0.494,0.458
31,1,0.996,0.014,0.048,0.035,0.112,0.107,0.121,0.059,0.0,0.026
31,2,0.142,0.994,0.21,0.07,0.249,0.134,0.258,0.197,0.061,0.0
31,3,0.005,0.042,0.999,0.0,0.0,0.0,0.0,0.006,0.182,0.13
31,4,0.18,0.132,0.0,1.0,0.001,0.0,0.0,0.002,0.157,0.172
31,5,0.016,0.074,0.0,0.0,0.999,0.0,0.0,0.0,0.168,0.153
31,6,0.224,0.285,0.0,0.0,0.0,0.996,0.0,0.003,0.239,0.319
31,7,0.239,0.276,0.004,0.0,0.0,0.003,0.999,0.044,0.306,0.161
31,8,0.198,0.147,0.029,0.001,0.0,0.0,0.071,0.994,0.424,0.041
31,9,0.0,0.01,0.229,0.061,0.12,0.146,0.363,0.33,0.993,0.011
31,10,0.287,0.0,0.154,0.074,0.211,0.186,0.096,0.07,0.157,0.992
31,Aggregated,0.497,0.579,0.345,0.202,0.34,0.295,0.502,0.465,0.521,0.502
32,1,0.992,0.019,0.029,0.03,0.124,0.084,0.381,0.075,0.0,0.015
32,2,0.078,0.995,0.231,0.113,0.226,0.089,0.175,0.204,0.025,0.0
32,3,0.012,0.106,1.0,0.001,0.0,0.0,0.0,0.005,0.143,0.086
32,4,0.218,0.161,0.002,1.0,0.002,0.0,0.0,0.004,0.23,0.117
32,5,0.015,0.12,0.0,0.0,0.998,0.0,0.0,0.0,0.184,0.154
32,6,0.178,0.161,0.0,0.0,0.0,0.997,0.0,0.001,0.339,0.198
32,7,0.38,0.207,0.008,0.0,0.001,0.002,0.999,0.109,0.381,0.313
32,8,0.172,0.152,0.031,0.0,0.0,0.0,0.034,0.997,0.411,0.011
32,9,0.0,0.007,0.111,0.05,0.199,0.196,0.277,0.224,0.995,0.007
32,10,0.236,0.0,0.199,0.052,0.29,0.133,0.109,0.105,0.172,0.993
32,Aggregated,0.503,0.574,0.325,0.205,0.352,0.317,0.498,0.468,0.517,0.496
33,1,0.989,0.052,0.058,0.006,0.172,0.179,0.208,0.09,0.0,0.035
33,2,0.182,0.996,0.317,0.122,0.078,0.098,0.144,0.188,0.086,0.0
33,3,0.015,0.064,1.0,0.001,0.0,0.0,0.0,0.001,0.115,0.11
33,4,0.114,0.124,0.0,1.0,0.0,0.0,0.0,0.002,0.244,0.112
33,5,0.011,0.141,0.0,0.0,0.998,0.0,0.0,0.0,0.209,0.155
33,6,0.115,0.248,0.0,0.0,0.0,0.996,0.0,0.006,0.358,0.284
33,7,0.3,0.22,0.012,0.001,0.001,0.001,1.0,0.11,0.513,0.153
33,8,0.253,0.178,0.013,0.001,0.0,0.0,0.015,0.999,0.344,0.063
33,9,0.0,0.031,0.151,0.036,0.139,0.217,0.33,0.306,0.992,0.022
33,10,0.241,0.0,0.096,0.101,0.304,0.118,0.101,0.113,0.124,0.997
33,Aggregated,0.48,0.608,0.34,0.215,0.33,0.297,0.505,0.477,0.528,0.499
34,1,0.995,0.027,0.094,0.03,0.131,0.108,0.166,0.084,0.0,0.025
34,2,0.111,0.994,0.196,0.139,0.295,0.16,0.112,0.176,0.067,0.0
34,3,0.01,0.061,1.0,0.001,0.0,0.0,0.0,0.002,0.147,0.179
34,4,0.067,0.14,0.0,1.0,0.0,0.0,0.0,0.002,0.329,0.128
34,5,0.017,0.214,0.0,0.0,0.998,0.0,0.0,0.001,0.277,0.219
34,6,0.316,0.335,0.0,0.0,0.0,0.995,0.0,0.001,0.292,0.229
34,7,0.379,0.268,0.005,0.0,0.0,0.003,0.999,0.051,0.409,0.222
34,8,0.154,0.308,0.031,0.001,0.002,0.002,0.056,0.997,0.376,0.086
34,9,0.0,0.033,0.171,0.098,0.118,0.203,0.28,0.285,0.994,0.015
34,10,0.285,0.0,0.201,0.053,0.228,0.205,0.084,0.134,0.084,0.996
34,Aggregated,0.497,0.631,0.322,0.243,0.33,0.298,0.495,0.474,0.507,0.494
35,1,0.996,0.031,0.038,0.029,0.061,0.114,0.256,0.034,0.0,0.017
35,2,0.174,0.991,0.226,0.162,0.342,0.106,0.302,0.152,0.098,0.001
35,3,0.015,0.152,0.999,0.001,0.0,0.0,0.0,0.006,0.143,0.195
35,4,0.223,0.191,0.0,0.999,0.001,0.0,0.0,0.004,0.3,0.184
35,5,0.008,0.106,0.0,0.0,0.999,0.0,0.0,0.0,0.097,0.045
35,6,0.179,0.379,0.0,0.0,0.0,0.996,0.0,0.003,0.298,0.303
35,7,0.37,0.282,0.018,0.001,0.001,0.002,0.997,0.095,0.427,0.329
35,8,0.2,0.125,0.056,0.001,0.0,0.002,0.039,0.996,0.45,0.024
35,9,0.0,0.024,0.095,0.061,0.147,0.248,0.361,0.276,0.993,0.024
35,10,0.191,0.0,0.114,0.033,0.327,0.224,0.224,0.126,0.101,0.997
35,Aggregated,0.506,0.603,0.332,0.204,0.334,0.29,0.571,0.462,0.511,0.498
36,1,0.997,0.045,0.045,0.018,0.064,0.149,0.271,0.063,0.0,0.016
36,2,0.132,0.998,0.243,0.182,0.14,0.113,0.094,0.118,0.05,0.0
36,3,0.002,0.038,0.999,0.001,0.0,0.001,0.0,0.007,0.064,0.144
36,4,0.208,0.269,0.0,0.999,0.0,0.0,0.0,0.001,0.269,0.143
36,5,0.004,0.175,0.0,0.0,0.998,0.001,0.0,0.0,0.135,0.238
36,6,0.302,0.168,0.0,0.0,0.001,0.998,0.0,0.001,0.327,0.306
36,7,0.37,0.097,0.01,0.0,0.001,0.003,0.998,0.105,0.47,0.238
36,8,0.336,0.219,0.056,0.002,0.001,0.002,0.043,0.995,0.318,0.097
36,9,0.0,0.021,0.117,0.109,0.203,0.252,0.338,0.222,0.993,0.012
36,10,0.316,0.0,0.179,0.076,0.303,0.26,0.132,0.101,0.167,0.994
36,Aggregated,0.523,0.583,0.328,0.213,0.343,0.332,0.512,0.462,0.499,0.52
37,1,0.994,0.042,0.058,0.059,0.083,0.102,0.287,0.074,0.001,0.049
37,2,0.162,0.995,0.233,0.107,0.179,0.141,0.147,0.233,0.079,0.0
37,3,0.006,0.132,0.998,0.001,0.0,0.0,0.0,0.0,0.253,0.228
37,4,0.185,0.238,0.002,0.999,0.002,0.0,0.0,0.015,0.356,0.265
37,5,0.042,0.085,0.0,0.0,0.998,0.0,0.0,0.0,0.138,0.251
37,6,0.304,0.425,0.0,0.0,0.0,0.995,0.0,0.012,0.337,0.273
37,7,0.418,0.273,0.013,0.002,0.001,0.006,0.999,0.127,0.382,0.321
37,8,0.214,0.245,0.045,0.001,0.0,0.002,0.058,0.994,0.315,0.037
37,9,0.0,0.033,0.182,0.03,0.169,0.134,0.324,0.235,0.997,0.015
37,10,0.354,0.0,0.286,0.038,0.159,0.188,0.081,0.098,0.197,0.99
37,Aggregated,0.513,0.594,0.376,0.196,0.335,0.268,0.524,0.468,0.51,0.536
38,1,0.993,0.05,0.03,0.024,0.112,0.092,0.257,0.047,0.001,0.035
38,2,0.056,0.997,0.124,0.099,0.303,0.163,0.155,0.179,0.043,0.0
38,3,0.005,0.098,1.0,0.002,0.0,0.0,0.0,0.006,0.195,0.168
38,4,0.2,0.231,0.001,0.998,0.0,0.0,0.0,0.008,0.233,0.234
38,5,0.029,0.182,0.0,0.0,0.999,0.003,0.0,0.0,0.105,0.086
38,6,0.319,0.305,0.0,0.0,0.0,0.995,0.0,0.005,0.374,0.271
38,7,0.343,0.137,0.013,0.001,0.0,0.002,0.998,0.044,0.523,0.264
38,8,0.163,0.354,0.037,0.001,0.001,0.0,0.049,0.99,0.36,0.099
38,9,0.0,0.032,0.104,0.091,0.31,0.197,0.3,0.229,0.996,0.019
38,10,0.27,0.0,0.103,0.114,0.32,0.097,0.231,0.132,0.127,0.996
38,Aggregated,0.537,0.61,0.291,0.244,0.404,0.257,0.524,0.455,0.498,0.503
39,1,0.998,0.041,0.073,0.039,0.094,0.084,0.229,0.091,0.0,0.021
39,2,0.118,0.997,0.22,0.098,0.214,0.175,0.135,0.201,0.059,0.0
39,3,0.024,0.197,0.999,0.002,0.0,0.0,0.0,0.006,0.241,0.107
39,4,0.232,0.208,0.0,0.999,0.0,0.0,0.0,0.004,0.218,0.168
39,5,0.009,0.168,0.0,0.0,0.998,0.0,0.0,0.0,0.112,0.226
39,6,0.247,0.23,0.0,0.0,0.0,0.996,0.0,0.006,0.44,0.25
39,7,0.382,0.22,0.012,0.0,0.0,0.008,0.999,0.074,0.359,0.187
39,8,0.132,0.249,0.04,0.002,0.001,0.0,0.074,0.997,0.33,0.106
39,9,0.0,0.027,0.128,0.15,0.215,0.179,0.217,0.25,0.993,0.018
39,10,0.259,0.0,0.257,0.047,0.122,0.248,0.225,0.114,0.177,0.994
39,Aggregated,0.517,0.611,0.349,0.21,0.315,0.322,0.532,0.483,0.511,0.495
40,1,0.995,0.06,0.039,0.036,0.04,0.138,0.229,0.078,0.0,0.033
40,2,0.18,0.99,0.312,0.186,0.18,0.09,0.234,0.196,0.111,0.001
40,3,0.008,0.089,0.998,0.002,0.0,0.0,0.0,0.012,0.174,0.131
40,4,0.203,0.164,0.0,1.0,0.0,0.0,0.0,0.002,0.293,0.17
40,5,0.02,0.187,0.0,0.0,0.998,0.001,0.0,0.0,0.15,0.172
40,6,0.225,0.277,0.0,0.0,0.0,0.994,0.0,0.003,0.386,0.352
40,7,0.342,0.21,0.014,0.002,0.002,0.003,0.998,0.078,0.513,0.163
40,8,0.253,0.193,0.041,0.001,0.002,0.0,0.054,0.996,0.448,0.093
40,9,0.0,0.018,0.159,0.086,0.219,0.214,0.207,0.264,0.997,0.017
40,10,0.269,0.0,0.233,0.091,0.157,0.215,0.133,0.092,0.176,0.993
40,Aggregated,0.538,0.581,0.341,0.231,0.311,0.312,0.535,0.47,0.541,0.524
41,1,0.998,0.043,0.035,0.01,0.017,0.188,0.186,0.071,0.002,0.037
41,2,0.055,0.994,0.173,0.1,0.282,0.247,0.189,0.228,0.035,0.0
41,3,0.003,0.104,1.0,0.002,0.0,0.0,0.0,0.006,0.119,0.123
41,4,0.198,0.133,0.0,1.0,0.0,0.0,0.0,0.004,0.293,0.116
41,5,0.012,0.182,0.0,0.0,0.999,0.0,0.0,0.0,0.188,0.094
41,6,0.208,0.346,0.0,0.0,0.0,0.994,0.004,0.001,0.43,0.269
41,7,0.388,0.23,0.014,0.003,0.0,0.007,0.999,0.043,0.387,0.257
41,8,0.202,0.163,0.034,0.001,0.009,0.0,0.057,0.996,0.314,0.086
41,9,0.0,0.017,0.162,0.086,0.206,0.269,0.416,0.285,0.991,0.021
41,10,0.25,0.0,0.156,0.107,0.193,0.157,0.096,0.084,0.135,0.994
41,Aggregated,0.515,0.598,0.322,0.186,0.306,0.351,0.576,0.472,0.515,0.498
42,1,0.998,0.025,0.05,0.056,0.109,0.079,0.205,0.032,0.002,0.02
42,2,0.085,0.996,0.281,0.132,0.107,0.165,0.144,0.135,0.068,0.001
42,3,0.012,0.186,1.0,0.003,0.0,0.0,0.0,0.016,0.158,0.108
42,4,0.245,0.307,0.0,0.999,0.0,0.0,0.0,0.009,0.22,0.278
42,5,0.032,0.368,0.0,0.0,0.996,0.0,0.0,0.0,0.295,0.144
42,6,0.328,0.339,0.0,0.0,0.0,0.994,0.005,0.006,0.306,0.263
42,7,0.401,0.226,0.02,0.002,0.0,0.008,0.999,0.057,0.445,0.242
42,8,0.271,0.261,0.037,0.002,0.003,0.001,0.061,0.994,0.359,0.139
42,9,0.0,0.031,0.22,0.142,0.129,0.213,0.341,0.396,0.987,0.046
42,10,0.218,0.0,0.1,0.148,0.265,0.174,0.261,0.134,0.194,0.994
42,Aggregated,0.515,0.622,0.336,0.247,0.283,0.296,0.555,0.492,0.516,0.49
43,1,0.99,0.08,0.037,0.008,0.056,0.16,0.361,0.089,0.002,0.028
43,2,0.096,0.993,0.25,0.054,0.209,0.184,0.245,0.173,0.12,0.0
43,3,0.009,0.134,1.0,0.001,0.0,0.0,0.0,0.009,0.143,0.123
43,4,0.23,0.254,0.0,1.0,0.0,0.0,0.0,0.004,0.326,0.246
43,5,0.01,0.207,0.0,0.0,0.998,0.001,0.0,0.0,0.19,0.198
43,6,0.275,0.259,0.0,0.0,0.0,0.996,0.001,0.003,0.442,0.276
43,7,0.487,0.32,0.013,0.005,0.0,0.013,0.994,0.063,0.324,0.376
43,8,0.266,0.376,0.051,0.002,0.004,0.001,0.053,0.992,0.453,0.114
43,9,0.0,0.025,0.052,0.054,0.3,0.201,0.257,0.24,0.995,0.021
43,10,0.302,0.0,0.203,0.132,0.231,0.218,0.15,0.131,0.159,0.993
43,Aggregated,0.559,0.598,0.324,0.176,0.316,0.342,0.569,0.47,0.514,0.501
44,1,0.994,0.054,0.078,0.014,0.052,0.126,0.342,0.052,0.0,0.024
44,2,0.073,0.989,0.188,0.045,0.284,0.283,0.25,0.19,0.068,0.001
44,3,0.002,0.041,1.0,0.001,0.0,0.001,0.0,0.001,0.178,0.072
44,4,0.122,0.201,0.001,1.0,0.001,0.0,0.0,0.006,0.267,0.244
44,5,0.052,0.339,0.0,0.001,0.997,0.0,0.002,0.0,0.198,0.177
44,6,0.2,0.214,0.0,0.0,0.0,0.997,0.002,0.002,0.347,0.25
44,7,0.345,0.202,0.022,0.003,0.0,0.013,0.999,0.083,0.507,0.327
44,8,0.269,0.333,0.048,0.002,0.004,0.001,0.078,0.994,0.406,0.132
44,9,0.0,0.039,0.12,0.075,0.33,0.192,0.424,0.275,0.991,0.021
44,10,0.227,0.0,0.218,0.096,0.346,0.151,0.107,0.105,0.144,0.993
44,Aggregated,0.513,0.581,0.341,0.182,0.353,0.31,0.569,0.452,0.525,0.513
45,1,0.985,0.071,0.085,0.034,0.105,0.187,0.343,0.115,0.001,0.027
45,2,0.123,0.989,0.124,0.069,0.342,0.391,0.276,0.235,0.062,0.001
45,3,0.002,0.209,0.999,0.002,0.0,0.0,0.0,0.01,0.13,0.188
45,4,0.111,0.18,0.003,0.998,0.0,0.0,0.0,0.006,0.339,0.33
45,5,0.02,0.251,0.0,0.0,0.998,0.003,0.002,0.0,0.122,0.251
45,6,0.172,0.239,0.0,0.0,0.0,0.997,0.0,0.003,0.321,0.357
45,7,0.255,0.374,0.011,0.0,0.002,0.012,0.999,0.118,0.467,0.378
45,8,0.259,0.232,0.049,0.004,0.003,0.002,0.055,0.997,0.391,0.063
45,9,0.0,0.036,0.172,0.177,0.294,0.119,0.204,0.296,0.991,0.022
45,10,0.321,0.0,0.187,0.06,0.289,0.229,0.212,0.16,0.15,0.989
45,Aggregated,0.5,0.608,0.337,0.222,0.325,0.328,0.529,0.479,0.492,0.538
46,1,0.995,0.045,0.045,0.045,0.062,0.078,0.289,0.059,0.001,0.03
46,2,0.052,0.99,0.199,0.233,0.274,0.14,0.179,0.27,0.04,0.001
46,3,0.01,0.081,1.0,0.001,0.0,0.002,0.0,0.0,0.135,0.098
46,4,0.174,0.271,0.002,0.998,0.0,0.0,0.0,0.015,0.363,0.347
46,5,0.021,0.173,0.001,0.0,0.999,0.002,0.0,0.0,0.22,0.17
46,6,0.289,0.308,0.0,0.0,0.0,0.996,0.004,0.004,0.376,0.241
46,7,0.357,0.378,0.012,0.0,0.0,0.009,0.997,0.07,0.354,0.239
46,8,0.203,0.269,0.024,0.001,0.009,0.0,0.07,0.996,0.274,0.063
46,9,0.0,0.03,0.126,0.104,0.345,0.267,0.327,0.264,0.988,0.021
46,10,0.288,0.0,0.189,0.131,0.357,0.159,0.13,0.117,0.252,0.99
46,Aggregated,0.542,0.602,0.339,0.24,0.335,0.318,0.541,0.46,0.531,0.497
47,1,0.996,0.043,0.081,0.029,0.053,0.196,0.161,0.076,0.001,0.03
47,2,0.068,0.994,0.218,0.146,0.233,0.207,0.156,0.291,0.049,0.001
47,3,0.028,0.24,0.998,0.004,0.0,0.002,0.0,0.023,0.202,0.118
47,4,0.234,0.208,0.002,1.0,0.001,0.0,0.0,0.007,0.286,0.136
47,5,0.029,0.24,0.0,0.0,0.996,0.0,0.0,0.0,0.253,0.247
47,6,0.295,0.196,0.0,0.0,0.0,0.995,0.002,0.012,0.451,0.302
47,7,0.447,0.218,0.012,0.001,0.0,0.015,0.997,0.091,0.411,0.173
47,8,0.217,0.267,0.046,0.003,0.013,0.001,0.055,0.993,0.446,0.099
47,9,0.001,0.053,0.139,0.088,0.296,0.171,0.494,0.303,0.984,0.051
47,10,0.279,0.0,0.231,0.046,0.204,0.181,0.108,0.141,0.221,0.993
47,Aggregated,0.537,0.589,0.351,0.238,0.286,0.332,0.551,0.473,0.548,0.486
48,1,0.994,0.074,0.066,0.009,0.048,0.156,0.259,0.065,0.0,0.026
48,2,0.073,0.993,0.255,0.149,0.251,0.144,0.174,0.256,0.059,0.001
48,3,0.022,0.151,1.0,0.005,0.0,0.002,0.0,0.01,0.132,0.127
48,4,0.119,0.186,0.002,1.0,0.0,0.0,0.0,0.006,0.222,0.254
48,5,0.012,0.246,0.0,0.0,0.998,0.002,0.0,0.0,0.158,0.213
48,6,0.375,0.332,0.0,0.0,0.0,0.996,0.001,0.008,0.382,0.29
48,7,0.392,0.285,0.016,0.004,0.001,0.026,0.998,0.129,0.411,0.275
48,8,0.175,0.211,0.062,0.002,0.024,0.0,0.117,0.994,0.375,0.089
48,9,0.001,0.019,0.202,0.043,0.302,0.213,0.396,0.272,0.989,0.026
48,10,0.209,0.001,0.153,0.091,0.283,0.208,0.164,0.13,0.192,0.994
48,Aggregated,0.515,0.595,0.349,0.229,0.315,0.327,0.558,0.467,0.499,0.505
49,1,0.991,0.088,0.05,0.043,0.116,0.232,0.234,0.105,0.002,0.075
49,2,0.129,0.993,0.206,0.109,0.256,0.155,0.175,0.289,0.099,0.0
49,3,0.013,0.278,1.0,0.005,0.0,0.001,0.0,0.015,0.213,0.105
49,4,0.251,0.25,0.006,0.999,0.002,0.0,0.0,0.008,0.316,0.135
49,5,0.024,0.324,0.0,0.0,0.998,0.003,0.001,0.0,0.184,0.225
49,6,0.257,0.292,0.0,0.0,0.0,0.994,0.005,0.004,0.389,0.215
49,7,0.406,0.312,0.017,0.005,0.001,0.028,0.997,0.149,0.44,0.322
49,8,0.279,0.252,0.053,0.002,0.046,0.0,0.103,0.991,0.449,0.124
49,9,0.0,0.048,0.125,0.063,0.393,0.152,0.379,0.317,0.991,0.023
49,10,0.241,0.0,0.211,0.106,0.3,0.153,0.161,0.15,0.159,0.993
49,Aggregated,0.523,0.608,0.339,0.208,0.358,0.294,0.545,0.479,0.546,0.474
50,1,0.994,0.086,0.096,0.044,0.077,0.118,0.31,0.05,0.001,0.031
50,2,0.13,0.993,0.273,0.149,0.215,0.133,0.163,0.164,0.104,0.001
50,3,0.005,0.166,0.999,0.001,0.0,0.0,0.0,0.01,0.176,0.233
50,4,0.216,0.352,0.002,0.998,0.001,0.0,0.0,0.007,0.32,0.169
50,5,0.033,0.244,0.0,0.0,0.999,0.001,0.001,0.001,0.097,0.181
50,6,0.403,0.249,0.0,0.0,0.0,0.995,0.004,0.005,0.411,0.294
50,7,0.428,0.31,0.023,0.003,0.001,0.015,0.998,0.119,0.44,0.265
50,8,0.218,0.282,0.056,0.004,0.009,0.0,0.058,0.994,0.428,0.081
50,9,0.0,0.018,0.207,0.051,0.212,0.133,0.364,0.246,0.994,0.027
50,10,0.265,0.0,0.193,0.044,0.3,0.17,0.151,0.091,0.26,0.99
50,Aggregated,0.571,0.586,0.371,0.223,0.321,0.301,0.552,0.449,0.533,0.497
51,1,0.993,0.104,0.05,0.058,0.039,0.15,0.346,0.05,0.004,0.044
51,2,0.107,0.993,0.287,0.093,0.192,0.295,0.265,0.267,0.055,0.001
51,3,0.018,0.283,0.998,0.004,0.0,0.003,0.001,0.024,0.16,0.259
51,4,0.28,0.252,0.0,1.0,0.0,0.0,0.0,0.006,0.307,0.209
51,5,0.044,0.243,0.0,0.0,0.998,0.002,0.002,0.0,0.141,0.237
51,6,0.305,0.198,0.0,0.0,0.0,0.997,0.001,0.001,0.346,0.319
51,7,0.402,0.251,0.011,0.001,0.001,0.017,0.999,0.11,0.342,0.147
51,8,0.129,0.206,0.057,0.003,0.006,0.0,0.092,0.997,0.305,0.064
51,9,0.001,0.063,0.107,0.104,0.261,0.252,0.425,0.3,0.988,0.045
51,10,0.221,0.0,0.269,0.144,0.229,0.102,0.148,0.183,0.135,0.994
51,Aggregated,0.541,0.58,0.362,0.241,0.281,0.31,0.59,0.491,0.504,0.508
52,1,0.991,0.055,0.117,0.013,0.082,0.206,0.335,0.041,0.001,0.029
52,2,0.094,0.993,0.135,0.101,0.344,0.197,0.298,0.214,0.059,0.001
52,3,0.006,0.182,1.0,0.003,0.0,0.002,0.0,0.011,0.151,0.145
52,4,0.282,0.23,0.001,1.0,0.001,0.0,0.0,0.003,0.233,0.185
52,5,0.024,0.253,0.0,0.0,0.999,0.0,0.001,0.0,0.222,0.197
52,6,0.383,0.328,0.0,0.0,0.0,0.994,0.001,0.003,0.349,0.266
52,7,0.455,0.294,0.018,0.002,0.003,0.035,0.997,0.089,0.488,0.243
52,8,0.22,0.195,0.041,0.001,0.013,0.0,0.073,0.994,0.318,0.074
52,9,0.002,0.045,0.142,0.119,0.294,0.287,0.327,0.245,0.992,0.044
52,10,0.266,0.001,0.237,0.07,0.238,0.147,0.077,0.073,0.194,0.994
52,Aggregated,0.575,0.567,0.368,0.201,0.348,0.347,0.552,0.445,0.536,0.488
53,1,0.999,0.037,0.062,0.027,0.063,0.117,0.184,0.021,0.003,0.018
53,2,0.124,0.993,0.263,0.09,0.2,0.23,0.199,0.213,0.068,0.001
53,3,0.006,0.15,0.999,0.004,0.0,0.002,0.0,0.008,0.121,0.084
53,4,0.305,0.296,0.005,0.999,0.0,0.0,0.0,0.008,0.316,0.303
53,5,0.025,0.268,0.0,0.0,0.998,0.002,0.001,0.002,0.192,0.301
53,6,0.316,0.3,0.0,0.0,0.0,0.997,0.004,0.007,0.274,0.311
53,7,0.418,0.189,0.02,0.003,0.0,0.007,0.998,0.088,0.434,0.312
53,8,0.254,0.207,0.044,0.001,0.01,0.0,0.058,0.991,0.442,0.095
53,9,0.001,0.042,0.212,0.067,0.247,0.281,0.406,0.307,0.989,0.055
53,10,0.22,0.0,0.224,0.107,0.309,0.151,0.115,0.099,0.142,0.995
53,Aggregated,0.539,0.577,0.365,0.222,0.329,0.318,0.553,0.47,0.52,0.512
54,1,0.985,0.077,0.03,0.03,0.103,0.266,0.397,0.111,0.0,0.066
54,2,0.114,0.991,0.269,0.143,0.279,0.178,0.191,0.222,0.12,0.002
54,3,0.01,0.209,0.999,0.002,0.0,0.002,0.001,0.018,0.126,0.268
54,4,0.312,0.262,0.002,0.999,0.0,0.0,0.0,0.013,0.312,0.309
54,5,0.013,0.183,0.001,0.0,0.999,0.003,0.003,0.001,0.158,0.239
54,6,0.339,0.319,0.0,0.0,0.0,0.996,0.008,0.005,0.373,0.322
54,7,0.384,0.249,0.021,0.002,0.002,0.02,0.999,0.136,0.331,0.328
54,8,0.204,0.203,0.065,0.003,0.013,0.0,0.104,0.994,0.342,0.081
54,9,0.004,0.056,0.165,0.079,0.198,0.236,0.375,0.282,0.992,0.053
54,10,0.193,0.002,0.15,0.055,0.177,0.169,0.194,0.105,0.153,0.996
54,Aggregated,0.56,0.56,0.347,0.201,0.312,0.342,0.58,0.478,0.508,0.543
55,1,0.993,0.099,0.07,0.042,0.019,0.213,0.319,0.069,0.0,0.062
55,2,0.093,0.995,0.253,0.103,0.253,0.18,0.24,0.269,0.039,0.0
55,3,0.01,0.17,1.0,0.003,0.0,0.001,0.001,0.016,0.158,0.167
55,4,0.236,0.241,0.0,1.0,0.0,0.0,0.0,0.007,0.327,0.16
55,5,0.074,0.281,0.0,0.0,0.999,0.0,0.002,0.0,0.225,0.189
55,6,0.32,0.325,0.0,0.0,0.0,0.998,0.005,0.008,0.333,0.251
55,7,0.398,0.13,0.02,0.003,0.0,0.012,0.998,0.061,0.416,0.207
55,8,0.229,0.279,0.045,0.003,0.025,0.0,0.053,0.994,0.37,0.118
55,9,0.002,0.05,0.197,0.08,0.269,0.17,0.351,0.284,0.992,0.043
55,10,0.27,0.0,0.154,0.03,0.252,0.126,0.196,0.088,0.166,0.993
55,Aggregated,0.552,0.549,0.358,0.206,0.31,0.301,0.616,0.487,0.532,0.499
56,1,0.992,0.147,0.069,0.028,0.119,0.185,0.312,0.109,0.004,0.062
56,2,0.084,0.996,0.256,0.084,0.243,0.149,0.243,0.22,0.07,0.0
56,3,0.03,0.187,1.0,0.001,0.0,0.002,0.0,0.007,0.226,0.166
56,4,0.266,0.203,0.001,0.999,0.001,0.0,0.0,0.02,0.16,0.221
56,5,0.064,0.364,0.0,0.0,0.999,0.002,0.003,0.001,0.214,0.222
56,6,0.335,0.348,0.0,0.0,0.001,0.995,0.003,0.01,0.427,0.258
56,7,0.39,0.382,0.011,0.002,0.002,0.01,0.999,0.087,0.336,0.263
56,8,0.293,0.292,0.051,0.006,0.031,0.0,0.097,0.986,0.473,0.156
56,9,0.001,0.094,0.111,0.064,0.287,0.24,0.291,0.306,0.993,0.044
56,10,0.158,0.001,0.215,0.09,0.271,0.06,0.156,0.139,0.141,0.995
56,Aggregated,0.568,0.628,0.373,0.215,0.323,0.31,0.555,0.465,0.499,0.466
57,1,0.994,0.16,0.079,0.042,0.075,0.169,0.277,0.071,0.002,0.052
57,2,0.047,0.997,0.214,0.132,0.238,0.206,0.278,0.207,0.06,0.002
57,3,0.013,0.132,0.999,0.0,0.0,0.001,0.0,0.014,0.134,0.147
57,4,0.361,0.246,0.001,0.997,0.001,0.0,0.0,0.013,0.315,0.256
57,5,0.026,0.22,0.0,0.0,0.999,0.004,0.002,0.003,0.165,0.254
57,6,0.403,0.356,0.0,0.0,0.0,0.994,0.006,0.008,0.325,0.303
57,7,0.407,0.274,0.017,0.003,0.003,0.021,0.997,0.119,0.437,0.219
57,8,0.151,0.24,0.043,0.005,0.019,0.0,0.074,0.989,0.456,0.102
57,9,0.001,0.069,0.226,0.1,0.203,0.201,0.334,0.284,0.991,0.031
57,10,0.298,0.003,0.183,0.069,0.342,0.09,0.143,0.134,0.163,0.993
57,Aggregated,0.567,0.587,0.343,0.24,0.325,0.304,0.554,0.483,0.525,0.481
58,1,0.993,0.084,0.064,0.016,0.115,0.19,0.289,0.125,0.001,0.039
58,2,0.16,0.995,0.29,0.142,0.243,0.18,0.191,0.161,0.08,0.001
58,3,0.028,0.22,0.998,0.002,0.0,0.0,0.002,0.021,0.222,0.205
58,4,0.175,0.212,0.0,1.0,0.001,0.0,0.0,0.014,0.29,0.218
58,5,0.027,0.257,0.001,0.0,0.999,0.002,0.001,0.002,0.137,0.152
58,6,0.308,0.265,0.0,0.0,0.0,0.997,0.006,0.005,0.329,0.274
58,7,0.357,0.393,0.025,0.003,0.0,0.013,0.995,0.096,0.575,0.251
58,8,0.211,0.256,0.042,0.004,0.012,0.001,0.062,0.995,0.337,0.126
58,9,0.001,0.068,0.159,0.056,0.072,0.351,0.45,0.229,0.993,0.033
58,10,0.266,0.002,0.182,0.071,0.205,0.152,0.136,0.188,0.145,0.994
58,Aggregated,0.556,0.599,0.357,0.215,0.285,0.336,0.593,0.476,0.528,0.476
59,1,0.99,0.053,0.06,0.08,0.123,0.076,0.312,0.098,0.0,0.041
59,2,0.119,0.994,0.205,0.09,0.22,0.179,0.247,0.286,0.082,0.001
59,3,0.009,0.283,0.998,0.001,0.0,0.003,0.002,0.034,0.223,0.207
59,4,0.174,0.164,0.002,1.0,0.0,0.0,0.0,0.005,0.265,0.15
59,5,0.037,0.234,0.0,0.001,0.999,0.002,0.002,0.0,0.275,0.204
59,6,0.32,0.377,0.0,0.0,0.0,0.995,0.01,0.011,0.365,0.279
59,7,0.422,0.186,0.016,0.001,0.003,0.048,0.994,0.12,0.454,0.239
59,8,0.251,0.295,0.035,0.004,0.021,0.0,0.075,0.993,0.279,0.155
59,9,0.001,0.124,0.177,0.112,0.163,0.33,0.29,0.23,0.994,0.043
59,10,0.309,0.0,0.248,0.064,0.231,0.191,0.253,0.168,0.17,0.99
59,Aggregated,0.552,0.593,0.355,0.208,0.297,0.314,0.585,0.491,0.542,0.504
60,1,0.994,0.077,0.058,0.034,0.121,0.147,0.269,0.102,0.0,0.045
60,2,0.086,0.995,0.246,0.157,0.26,0.182,0.256,0.231,0.073,0.001
60,3,0.005,0.318,0.995,0.003,0.0,0.0,0.0,0.018,0.185,0.206
60,4,0.261,0.241,0.001,0.998,0.002,0.0,0.0,0.021,0.364,0.205
60,5,0.044,0.208,0.001,0.0,0.999,0.002,0.003,0.0,0.17,0.259
60,6,0.264,0.376,0.0,0.0,0.0,0.994,0.017,0.022,0.443,0.311
60,7,0.45,0.182,0.026,0.001,0.005,0.035,0.996,0.129,0.398,0.239
60,8,0.216,0.3,0.029,0.003,0.022,0.001,0.094,0.992,0.394,0.166
60,9,0.003,0.05,0.142,0.122,0.294,0.169,0.339,0.292,0.994,0.039
60,10,0.275,0.005,0.289,0.088,0.274,0.129,0.157,0.114,0.214,0.992
60,Aggregated,0.563,0.562,0.365,0.248,0.324,0.281,0.576,0.464,0.57,0.51
61,1,0.993,0.088,0.056,0.086,0.084,0.083,0.298,0.097,0.001,0.046
61,2,0.114,0.992,0.257,0.171,0.229,0.186,0.229,0.228,0.096,0.003
61,3,0.004,0.166,1.0,0.001,0.0,0.001,0.001,0.012,0.116,0.123
61,4,0.176,0.207,0.001,0.999,0.003,0.0,0.0,0.008,0.235,0.191
61,5,0.038,0.283,0.004,0.001,0.998,0.002,0.002,0.002,0.165,0.221
61,6,0.279,0.38,0.001,0.0,0.0,0.994,0.007,0.001,0.346,0.356
61,7,0.377,0.266,0.018,0.002,0.001,0.046,0.999,0.066,0.355,0.252
61,8,0.263,0.341,0.041,0.003,0.016,0.001,0.074,0.992,0.435,0.134
61,9,0.001,0.058,0.155,0.056,0.219,0.297,0.404,0.267,0.991,0.057
61,10,0.256,0.001,0.154,0.097,0.249,0.134,0.175,0.168,0.144,0.993
61,Aggregated,0.568,0.595,0.355,0.249,0.303,0.302,0.577,0.467,0.524,0.507
62,1,0.987,0.096,0.041,0.043,0.113,0.264,0.298,0.12,0.0,0.082
62,2,0.206,0.989,0.248,0.222,0.273,0.253,0.354,0.224,0.109,0.001
62,3,0.009,0.196,1.0,0.005,0.0,0.002,0.004,0.017,0.185,0.122
62,4,0.248,0.382,0.001,0.998,0.001,0.0,0.0,0.018,0.332,0.22
62,5,0.042,0.341,0.0,0.0,0.997,0.003,0.004,0.004,0.206,0.315
62,6,0.347,0.306,0.0,0.0,0.0,0.995,0.011,0.014,0.45,0.319
62,7,0.386,0.3,0.012,0.0,0.001,0.027,0.999,0.078,0.38,0.236
62,8,0.204,0.235,0.032,0.004,0.009,0.0,0.036,0.995,0.445,0.067
62,9,0.002,0.031,0.207,0.133,0.215,0.179,0.392,0.29,0.993,0.055
62,10,0.29,0.003,0.216,0.021,0.253,0.17,0.2,0.167,0.216,0.992
62,Aggregated,0.575,0.583,0.34,0.229,0.318,0.327,0.579,0.483,0.557,0.493
63,1,0.994,0.138,0.05,0.09,0.108,0.119,0.292,0.066,0.0,0.059
63,2,0.169,0.994,0.251,0.123,0.206,0.243,0.207,0.257,0.095,0.002
63,3,0.005,0.217,1.0,0.002,0.0,0.001,0.001,0.009,0.23,0.147
63,4,0.26,0.232,0.0,0.999,0.0,0.0,0.0,0.019,0.406,0.199
63,5,0.047,0.382,0.0,0.002,0.996,0.003,0.003,0.005,0.255,0.312
63,6,0.423,0.346,0.001,0.0,0.0,0.995,0.004,0.01,0.4,0.282
63,7,0.436,0.208,0.029,0.004,0.004,0.07,0.997,0.134,0.332,0.258
63,8,0.211,0.285,0.049,0.003,0.016,0.0,0.091,0.992,0.375,0.11
63,9,0.003,0.061,0.156,0.063,0.283,0.186,0.347,0.337,0.993,0.052
63,10,0.266,0.002,0.135,0.099,0.251,0.18,0.217,0.095,0.227,0.994
63,Aggregated,0.577,0.58,0.346,0.238,0.315,0.327,0.565,0.45,0.549,0.482
64,1,0.987,0.097,0.056,0.045,0.145,0.163,0.42,0.14,0.0,0.09
64,2,0.129,0.995,0.221,0.185,0.239,0.201,0.223,0.236,0.081,0.001
64,3,0.007,0.243,0.998,0.007,0.0,0.001,0.01,0.02,0.232,0.182
64,4,0.297,0.33,0.004,1.0,0.0,0.0,0.0,0.015,0.226,0.233
64,5,0.016,0.458,0.0,0.001,0.996,0.006,0.004,0.012,0.313,0.249
64,6,0.315,0.38,0.0,0.0,0.0,0.995,0.005,0.01,0.415,0.323
64,7,0.425,0.463,0.014,0.006,0.004,0.06,0.995,0.139,0.439,0.218
64,8,0.133,0.309,0.061,0.001,0.025,0.001,0.102,0.992,0.363,0.186
64,9,0.005,0.051,0.166,0.098,0.226,0.173,0.44,0.285,0.993,0.055
64,10,0.239,0.005,0.221,0.151,0.207,0.062,0.178,0.13,0.188,0.994
64,Aggregated,0.543,0.649,0.327,0.266,0.308,0.283,0.588,0.483,0.515,0.466
65,1,0.991,0.116,0.015,0.024,0.178,0.155,0.312,0.151,0.008,0.06
65,2,0.158,0.995,0.243,0.075,0.295,0.305,0.201,0.224,0.09,0.001
65,3,0.007,0.294,0.998,0.004,0.0,0.002,0.01,0.014,0.19,0.175
65,4,0.246,0.305,0.004,0.999,0.001,0.0,0.0,0.027,0.235,0.279
65,5,0.074,0.362,0.0,0.0,0.998,0.002,0.002,0.0,0.211,0.216
65,6,0.342,0.344,0.0,0.0,0.0,0.997,0.007,0.011,0.361,0.318
65,7,0.346,0.207,0.014,0.0,0.001,0.015,0.999,0.089,0.358,0.203
65,8,0.29,0.277,0.058,0.005,0.015,0.0,0.06,0.99,0.43,0.185
65,9,0.002,0.081,0.182,0.125,0.301,0.237,0.371,0.328,0.986,0.037
65,10,0.333,0.006,0.115,0.109,0.362,0.15,0.142,0.173,0.238,0.988
65,Aggregated,0.573,0.583,0.333,0.221,0.367,0.324,0.551,0.471,0.53,0.481
66,1,0.989,0.134,0.031,0.017,0.131,0.223,0.333,0.107,0.002,0.061
66,2,0.107,0.995,0.235,0.094,0.293,0.196,0.187,0.264,0.077,0.001
66,3,0.025,0.367,0.998,0.001,0.0,0.001,0.006,0.043,0.214,0.236
66,4,0.328,0.289,0.005,0.999,0.001,0.0,0.0,0.017,0.332,0.226
66,5,0.042,0.315,0.0,0.0,0.999,0.003,0.003,0.001,0.158,0.275
66,6,0.348,0.262,0.0,0.0,0.0,0.998,0.007,0.008,0.265,0.33
66,7,0.352,0.356,0.015,0.001,0.003,0.053,0.997,0.147,0.417,0.243
66,8,0.22,0.266,0.053,0.002,0.021,0.001,0.082,0.992,0.474,0.08
66,9,0.004,0.093,0.113,0.107,0.286,0.2,0.304,0.339,0.992,0.082
66,10,0.32,0.007,0.272,0.043,0.342,0.172,0.15,0.122,0.214,0.987
66,Aggregated,0.572,0.614,0.339,0.192,0.369,0.33,0.546,0.488,0.536,0.468
67,1,0.99,0.153,0.071,0.059,0.089,0.175,0.416,0.085,0.003,0.08
67,2,0.104,0.993,0.305,0.13,0.205,0.219,0.232,0.252,0.092,0.001
67,3,0.011,0.279,0.999,0.0,0.0,0.0,0.002,0.023,0.206,0.146
67,4,0.253,0.301,0.0,0.999,0.0,0.0,0.0,0.015,0.308,0.26
67,5,0.035,0.302,0.0,0.003,0.996,0.004,0.002,0.002,0.203,0.241
67,6,0.33,0.224,0.0,0.0,0.0,0.998,0.005,0.005,0.36,0.259
67,7,0.459,0.27,0.013,0.002,0.001,0.047,0.997,0.142,0.349,0.214
67,8,0.133,0.312,0.043,0.006,0.015,0.003,0.09,0.992,0.398,0.119
67,9,0.003,0.131,0.149,0.065,0.201,0.247,0.488,0.286,0.989,0.087
67,10,0.323,0.003,0.289,0.139,0.283,0.16,0.26,0.184,0.238,0.982
67,Aggregated,0.552,0.594,0.354,0.26,0.302,0.326,0.587,0.486,0.551,0.474
68,1,0.988,0.193,0.08,0.041,0.093,0.252,0.4,0.112,0.001,0.084
68,2,0.117,0.995,0.276,0.094,0.234,0.214,0.281,0.216,0.092,0.002
68,3,0.005,0.266,1.0,0.004,0.0,0.002,0.005,0.024,0.157,0.208
68,4,0.269,0.273,0.003,1.0,0.002,0.0,0.001,0.01,0.217,0.187
68,5,0.077,0.356,0.0,0.001,0.998,0.004,0.002,0.003,0.228,0.265
68,6,0.304,0.409,0.001,0.0,0.0,0.996,0.016,0.027,0.344,0.316
68,7,0.425,0.383,0.015,0.005,0.001,0.049,0.994,0.097,0.421,0.304
68,8,0.224,0.288,0.071,0.006,0.026,0.003,0.124,0.991,0.364,0.188
68,9,0.002,0.059,0.271,0.077,0.226,0.168,0.449,0.343,0.988,0.055
68,10,0.292,0.004,0.172,0.177,0.37,0.2,0.234,0.19,0.182,0.99
68,Aggregated,0.549,0.622,0.35,0.226,0.328,0.336,0.586,0.478,0.499,0.498
69,1,0.995,0.127,0.075,0.04,0.088,0.088,0.344,0.07,0.001,0.056
69,2,0.144,0.994,0.247,0.159,0.276,0.16,0.235,0.254,0.116,0.002
69,3,0.018,0.223,1.0,0.001,0.0,0.003,0.008,0.019,0.225,0.142
69,4,0.242,0.312,0.01,0.999,0.0,0.0,0.0,0.012,0.357,0.191
69,5,0.058,0.361,0.0,0.0,0.997,0.004,0.001,0.002,0.165,0.199
69,6,0.35,0.306,0.0,0.0,0.0,0.996,0.007,0.011,0.435,0.403
69,7,0.481,0.167,0.029,0.002,0.0,0.032,0.998,0.135,0.356,0.286
69,8,0.248,0.362,0.033,0.006,0.022,0.002,0.073,0.991,0.46,0.142
69,9,0.004,0.101,0.161,0.093,0.225,0.259,0.529,0.421,0.983,0.078
69,10,0.244,0.003,0.291,0.072,0.224,0.092,0.187,0.123,0.156,0.995
69,Aggregated,0.571,0.576,0.37,0.231,0.309,0.281,0.59,0.492,0.56,0.491
70,1,0.99,0.088,0.091,0.08,0.121,0.194,0.319,0.116,0.001,0.069
70,2,0.149,0.991,0.335,0.131,0.196,0.232,0.312,0.236,0.061,0.0
70,3,0.007,0.283,1.0,0.001,0.0,0.002,0.002,0.016,0.271,0.143
70,4,0.197,0.38,0.007,1.0,0.0,0.0,0.0,0.023,0.288,0.268
70,5,0.045,0.276,0.001,0.0,0.999,0.002,0.0,0.0,0.217,0.199
70,6,0.286,0.282,0.0,0.0,0.0,0.998,0.008,0.01,0.281,0.308
70,7,0.45,0.233,0.021,0.001,0.003,0.075,0.996,0.146,0.351,0.26
70,8,0.157,0.253,0.036,0.006,0.018,0.003,0.091,0.995,0.47,0.072
70,9,0.003,0.062,0.201,0.115,0.103,0.182,0.55,0.274,0.989,0.032
70,10,0.187,0.002,0.157,0.062,0.372,0.164,0.198,0.218,0.21,0.992
70,Aggregated,0.538,0.588,0.357,0.221,0.313,0.341,0.582,0.492,0.557,0.455
71,1,0.991,0.099,0.056,0.056,0.118,0.14,0.312,0.12,0.001,0.065
71,2,0.114,0.994,0.216,0.164,0.266,0.245,0.22,0.299,0.109,0.002
71,3,0.014,0.173,1.0,0.0,0.0,0.001,0.001,0.017,0.239,0.137
71,4,0.277,0.365,0.002,0.999,0.001,0.0,0.0,0.013,0.293,0.229
71,5,0.082,0.312,0.001,0.002,0.996,0.002,0.003,0.002,0.273,0.252
71,6,0.388,0.281,0.0,0.0,0.0,0.997,0.019,0.008,0.423,0.276
71,7,0.434,0.358,0.016,0.002,0.002,0.035,0.997,0.136,0.385,0.277
71,8,0.346,0.201,0.043,0.005,0.025,0.002,0.081,0.99,0.399,0.096
71,9,0.004,0.088,0.149,0.059,0.153,0.183,0.33,0.314,0.995,0.063
71,10,0.293,0.001,0.214,0.032,0.294,0.168,0.212,0.196,0.187,0.993
71,Aggregated,0.59,0.553,0.376,0.215,0.321,0.304,0.589,0.502,0.561,0.487
72,1,0.992,0.094,0.026,0.057,0.148,0.238,0.346,0.065,0.004,0.063
72,2,0.104,0.996,0.304,0.174,0.182,0.24,0.178,0.231,0.067,0.001
72,3,0.01,0.177,0.999,0.001,0.0,0.001,0.003,0.018,0.214,0.167
72,4,0.235,0.327,0.003,0.999,0.002,0.0,0.0,0.01,0.282,0.243
72,5,0.035,0.312,0.0,0.0,0.999,0.007,0.001,0.0,0.102,0.256
72,6,0.368,0.281,0.0,0.0,0.001,0.997,0.014,0.015,0.378,0.258
72,7,0.378,0.354,0.014,0.003,0.0,0.023,0.998,0.077,0.474,0.226
72,8,0.231,0.258,0.023,0.005,0.022,0.003,0.115,0.994,0.322,0.173
72,9,0.008,0.049,0.215,0.115,0.298,0.199,0.353,0.317,0.988,0.038
72,10,0.265,0.002,0.146,0.057,0.315,0.185,0.217,0.209,0.2,0.992
72,Aggregated,0.554,0.578,0.347,0.23,0.335,0.322,0.585,0.471,0.548,0.48
73,1,0.988,0.179,0.073,0.072,0.143,0.162,0.37,0.159,0.012,0.083
73,2,0.146,0.997,0.241,0.166,0.21,0.242,0.199,0.247,0.083,0.002
73,3,0.003,0.276,0.998,0.004,0.0,0.003,0.01,0.04,0.154,0.239
73,4,0.304,0.341,0.013,0.997,0.0,0.0,0.0,0.025,0.397,0.288
73,5,0.045,0.329,0.001,0.0,0.998,0.004,0.001,0.0,0.149,0.208
73,6,0.337,0.301,0.0,0.0,0.0,0.99,0.012,0.017,0.571,0.349
73,7,0.416,0.388,0.017,0.005,0.002,0.025,0.994,0.111,0.445,0.344
73,8,0.224,0.21,0.041,0.005,0.034,0.005,0.086,0.988,0.465,0.113
73,9,0.005,0.081,0.167,0.069,0.29,0.188,0.46,0.39,0.989,0.052
73,10,0.308,0.006,0.088,0.066,0.265,0.182,0.178,0.155,0.213,0.992
73,Aggregated,0.569,0.582,0.331,0.24,0.338,0.319,0.557,0.492,0.579,0.469
74,1,0.991,0.152,0.024,0.03,0.073,0.147,0.361,0.119,0.0,0.08
74,2,0.223,0.995,0.175,0.094,0.324,0.255,0.165,0.233,0.139,0.003
74,3,0.009,0.3,1.0,0.001,0.0,0.002,0.003,0.025,0.175,0.116
74,4,0.286,0.287,0.0,0.996,0.001,0.0,0.0,0.031,0.337,0.24
74,5,0.041,0.366,0.0,0.0,0.998,0.003,0.002,0.0,0.236,0.285
74,6,0.305,0.435,0.0,0.0,0.001,0.996,0.015,0.025,0.331,0.288
74,7,0.39,0.246,0.012,0.0,0.002,0.045,0.998,0.135,0.41,0.231
74,8,0.217,0.215,0.063,0.004,0.033,0.002,0.092,0.993,0.496,0.162
74,9,0.002,0.071,0.199,0.067,0.192,0.212,0.292,0.279,0.996,0.041
74,10,0.241,0.004,0.198,0.054,0.321,0.184,0.25,0.102,0.205,0.989
74,Aggregated,0.542,0.579,0.343,0.198,0.343,0.347,0.562,0.48,0.604,0.462
75,1,0.992,0.129,0.032,0.043,0.088,0.186,0.337,0.118,0.001,0.069
75,2,0.205,0.994,0.29,0.148,0.152,0.234,0.183,0.251,0.093,0.0
75,3,0.006,0.303,0.999,0.002,0.0,0.003,0.008,0.028,0.185,0.253
75,4,0.25,0.265,0.003,0.996,0.003,0.0,0.0,0.042,0.364,0.282
75,5,0.108,0.34,0.001,0.0,0.997,0.01,0.001,0.003,0.197,0.2
75,6,0.426,0.252,0.0,0.0,0.0,0.996,0.007,0.025,0.356,0.254
75,7,0.449,0.249,0.015,0.003,0.002,0.02,0.997,0.147,0.426,0.414
75,8,0.252,0.293,0.047,0.009,0.034,0.005,0.115,0.99,0.414,0.173
75,9,0.003,0.127,0.222,0.104,0.098,0.261,0.422,0.402,0.989,0.079
75,10,0.238,0.002,0.156,0.073,0.281,0.18,0.17,0.122,0.198,0.992
75,Aggregated,0.572,0.558,0.36,0.217,0.317,0.357,0.573,0.517,0.56,0.497
76,1,0.988,0.225,0.04,0.04,0.141,0.187,0.307,0.14,0.003,0.094
76,2,0.097,0.995,0.286,0.17,0.22,0.195,0.199,0.25,0.088,0.003
76,3,0.015,0.323,1.0,0.001,0.0,0.0,0.001,0.021,0.168,0.198
76,4,0.274,0.276,0.002,0.995,0.006,0.0,0.0,0.08,0.282,0.319
76,5,0.041,0.262,0.0,0.0,0.998,0.003,0.001,0.002,0.244,0.316
76,6,0.391,0.45,0.0,0.0,0.0,0.995,0.014,0.028,0.441,0.266
76,7,0.46,0.191,0.027,0.003,0.007,0.039,0.998,0.154,0.332,0.24
76,8,0.274,0.301,0.051,0.006,0.008,0.001,0.064,0.994,0.458,0.155
76,9,0.005,0.112,0.15,0.051,0.272,0.218,0.501,0.323,0.988,0.055
76,10,0.308,0.004,0.277,0.124,0.28,0.137,0.278,0.247,0.189,0.986
76,Aggregated,0.555,0.578,0.363,0.233,0.332,0.315,0.576,0.515,0.572,0.492
77,1,0.99,0.164,0.065,0.092,0.122,0.141,0.318,0.127,0.005,0.07
77,2,0.168,0.993,0.151,0.19,0.31,0.193,0.204,0.246,0.124,0.002
77,3,0.004,0.342,0.997,0.006,0.0,0.002,0.012,0.028,0.156,0.174
77,4,0.264,0.341,0.002,1.0,0.001,0.0,0.0,0.018,0.296,0.242
77,5,0.059,0.351,0.0,0.002,0.999,0.005,0.002,0.001,0.198,0.271
77,6,0.302,0.432,0.0,0.0,0.0,0.996,0.005,0.014,0.378,0.198
77,7,0.439,0.415,0.016,0.003,0.0,0.036,0.994,0.126,0.411,0.229
77,8,0.279,0.251,0.032,0.004,0.022,0.003,0.071,0.994,0.446,0.091
77,9,0.003,0.132,0.15,0.061,0.178,0.283,0.406,0.364,0.992,0.075
77,10,0.247,0.003,0.193,0.086,0.38,0.115,0.199,0.157,0.195,0.992
77,Aggregated,0.562,0.624,0.328,0.269,0.334,0.322,0.575,0.488,0.555,0.446
78,1,0.994,0.174,0.03,0.044,0.099,0.16,0.339,0.117,0.0,0.076
78,2,0.13,0.998,0.186,0.191,0.232,0.196,0.199,0.195,0.097,0.002
78,3,0.016,0.229,0.999,0.002,0.0,0.002,0.001,0.026,0.258,0.225
78,4,0.321,0.416,0.004,0.994,0.002,0.0,0.0,0.039,0.36,0.294
78,5,0.062,0.359,0.0,0.0,0.997,0.006,0.001,0.0,0.281,0.276
78,6,0.358,0.239,0.0,0.0,0.001,0.996,0.02,0.013,0.279,0.398
78,7,0.422,0.281,0.027,0.004,0.006,0.035,0.997,0.138,0.523,0.298
78,8,0.134,0.296,0.055,0.002,0.026,0.001,0.102,0.991,0.415,0.144
78,9,0.004,0.111,0.215,0.11,0.151,0.236,0.423,0.378,0.99,0.104
78,10,0.14,0.002,0.218,0.07,0.247,0.102,0.137,0.14,0.177,0.993
78,Aggregated,0.535,0.571,0.362,0.234,0.318,0.31,0.559,0.499,0.593,0.49
79,1,0.991,0.179,0.037,0.072,0.139,0.161,0.375,0.116,0.004,0.089
79,2,0.156,0.993,0.228,0.108,0.278,0.267,0.317,0.232,0.117,0.002
79,3,0.009,0.227,0.997,0.0,0.0,0.005,0.007,0.028,0.205,0.218
79,4,0.222,0.261,0.001,0.998,0.0,0.0,0.0,0.024,0.335,0.349
79,5,0.057,0.368,0.0,0.001,0.998,0.005,0.002,0.002,0.315,0.259
79,6,0.296,0.315,0.0,0.0,0.0,0.993,0.031,0.047,0.386,0.436
79,7,0.381,0.324,0.015,0.006,0.004,0.014,0.998,0.138,0.471,0.245
79,8,0.179,0.304,0.04,0.008,0.009,0.0,0.045,0.998,0.449,0.049
79,9,0.005,0.076,0.188,0.149,0.178,0.219,0.293,0.353,0.993,0.087
79,10,0.261,0.003,0.189,0.055,0.324,0.179,0.226,0.146,0.227,0.991
79,Aggregated,0.539,0.587,0.346,0.239,0.337,0.308,0.57,0.487,0.58,0.471
80,1,0.992,0.285,0.059,0.041,0.105,0.164,0.375,0.094,0.003,0.103
80,2,0.152,0.991,0.295,0.131,0.202,0.233,0.237,0.249,0.145,0.006
80,3,0.004,0.357,0.999,0.005,0.0,0.002,0.004,0.022,0.063,0.197
80,4,0.342,0.35,0.003,0.996,0.002,0.0,0.0,0.03,0.308,0.202
80,5,0.045,0.289,0.0,0.002,0.998,0.003,0.001,0.003,0.262,0.278
80,6,0.465,0.393,0.002,0.0,0.0,0.994,0.02,0.025,0.427,0.342
80,7,0.429,0.359,0.011,0.002,0.001,0.027,0.997,0.105,0.384,0.285
80,8,0.154,0.209,0.022,0.006,0.013,0.003,0.076,0.998,0.488,0.122
80,9,0.009,0.116,0.174,0.056,0.222,0.218,0.384,0.32,0.991,0.107
80,10,0.261,0.002,0.216,0.097,0.211,0.131,0.189,0.12,0.171,0.991
80,Aggregated,0.576,0.602,0.354,0.224,0.309,0.323,0.581,0.489,0.549,0.493
81,1,0.994,0.19,0.054,0.06,0.07,0.127,0.291,0.11,0.004,0.081
81,2,0.187,0.985,0.243,0.294,0.244,0.22,0.236,0.245,0.102,0.004
81,3,0.003,0.265,1.0,0.002,0.0,0.002,0.0,0.028,0.217,0.21
81,4,0.192,0.295,0.002,0.996,0.001,0.0,0.0,0.046,0.314,0.226
81,5,0.041,0.198,0.001,0.0,0.999,0.005,0.001,0.003,0.258,0.212
81,6,0.37,0.249,0.0,0.0,0.0,0.997,0.009,0.01,0.369,0.351
81,7,0.415,0.27,0.021,0.006,0.0,0.008,0.998,0.098,0.408,0.322
81,8,0.242,0.325,0.057,0.014,0.026,0.008,0.055,0.991,0.48,0.198
81,9,0.006,0.154,0.14,0.087,0.263,0.259,0.409,0.384,0.985,0.102
81,10,0.253,0.01,0.167,0.085,0.319,0.158,0.201,0.264,0.221,0.989
81,Aggregated,0.563,0.553,0.365,0.26,0.321,0.316,0.535,0.511,0.582,0.505
82,1,0.992,0.122,0.057,0.07,0.148,0.177,0.374,0.171,0.002,0.121
82,2,0.175,0.994,0.279,0.161,0.232,0.271,0.285,0.23,0.118,0.001
82,3,0.008,0.182,1.0,0.002,0.0,0.003,0.006,0.03,0.159,0.177
82,4,0.335,0.394,0.003,0.992,0.003,0.0,0.001,0.034,0.405,0.326
82,5,0.034,0.174,0.0,0.0,0.998,0.007,0.001,0.0,0.348,0.201
82,6,0.264,0.396,0.0,0.0,0.001,0.994,0.017,0.027,0.395,0.271
82,7,0.291,0.301,0.016,0.008,0.001,0.031,0.999,0.104,0.503,0.21
82,8,0.215,0.273,0.037,0.006,0.028,0.008,0.113,0.991,0.435,0.241
82,9,0.005,0.125,0.221,0.097,0.228,0.217,0.436,0.309,0.991,0.085
82,10,0.242,0.017,0.166,0.053,0.282,0.128,0.237,0.263,0.252,0.991
82,Aggregated,0.546,0.581,0.374,0.225,0.322,0.312,0.607,0.493,0.609,0.471
83,1,0.992,0.1,0.071,0.05,0.066,0.221,0.437,0.148,0.001,0.064
83,2,0.123,0.996,0.26,0.103,0.186,0.245,0.139,0.214,0.141,0.001
83,3,0.023,0.206,0.998,0.0,0.0,0.003,0.003,0.035,0.234,0.283
83,4,0.258,0.282,0.006,0.997,0.002,0.0,0.0,0.047,0.387,0.198
83,5,0.048,0.223,0.0,0.0,0.999,0.013,0.002,0.002,0.204,0.236
83,6,0.445,0.377,0.002,0.0,0.0,0.993,0.025,0.049,0.377,0.353
83,7,0.365,0.295,0.019,0.008,0.002,0.028,1.0,0.096,0.426,0.171
83,8,0.133,0.248,0.032,0.005,0.038,0.005,0.104,0.989,0.41,0.232
83,9,0.001,0.095,0.218,0.053,0.172,0.193,0.426,0.386,0.99,0.048
83,10,0.237,0.007,0.23,0.159,0.17,0.124,0.192,0.133,0.218,0.988
83,Aggregated,0.552,0.585,0.385,0.251,0.299,0.335,0.568,0.507,0.587,0.465
84,1,0.997,0.166,0.056,0.035,0.12,0.135,0.322,0.071,0.002,0.082
84,2,0.214,0.992,0.316,0.158,0.272,0.18,0.266,0.293,0.13,0.001
84,3,0.011,0.213,0.998,0.0,0.0,0.001,0.001,0.03,0.246,0.178
84,4,0.302,0.336,0.002,0.991,0.0,0.0,0.0,0.044,0.437,0.299
84,5,0.05,0.298,0.0,0.0,0.997,0.008,0.0,0.002,0.211,0.235
84,6,0.377,0.379,0.001,0.0,0.002,0.995,0.018,0.032,0.387,0.259
84,7,0.448,0.451,0.03,0.006,0.003,0.069,0.989,0.159,0.385,0.349
84,8,0.198,0.213,0.024,0.005,0.013,0.005,0.082,0.994,0.473,0.112
84,9,0.004,0.067,0.285,0.094,0.255,0.147,0.354,0.295,0.993,0.056
84,10,0.28,0.003,0.218,0.141,0.28,0.115,0.166,0.144,0.224,0.986
84,Aggregated,0.589,0.574,0.382,0.238,0.339,0.291,0.567,0.512,0.594,0.463
85,1,0.991,0.102,0.06,0.016,0.047,0.231,0.341,0.127,0.001,0.069
85,2,0.134,0.995,0.272,0.15,0.226,0.219,0.22,0.209,0.105,0.0
85,3,0.014,0.33,0.998,0.0,0.0,0.002,0.003,0.053,0.14,0.222
85,4,0.29,0.425,0.009,0.991,0.009,0.0,0.002,0.073,0.384,0.312
85,5,0.093,0.229,0.001,0.001,0.995,0.006,0.0,0.002,0.248,0.266
85,6,0.34,0.317,0.0,0.0,0.001,0.996,0.02,0.043,0.478,0.339
85,7,0.477,0.358,0.023,0.005,0.002,0.111,0.991,0.133,0.422,0.357
85,8,0.193,0.256,0.017,0.004,0.01,0.003,0.095,0.993,0.423,0.143
85,9,0.006,0.134,0.234,0.106,0.219,0.242,0.477,0.332,0.99,0.078
85,10,0.23,0.007,0.122,0.078,0.246,0.196,0.168,0.256,0.187,0.993
85,Aggregated,0.572,0.564,0.366,0.237,0.316,0.354,0.552,0.52,0.57,0.493
86,1,0.994,0.133,0.028,0.038,0.079,0.173,0.348,0.135,0.001,0.123
86,2,0.181,0.993,0.312,0.168,0.251,0.238,0.342,0.294,0.114,0.001
86,3,0.02,0.376,0.996,0.0,0.0,0.003,0.008,0.033,0.276,0.331
86,4,0.212,0.323,0.002,0.998,0.0,0.0,0.0,0.024,0.323,0.182
86,5,0.068,0.391,0.001,0.0,0.996,0.006,0.005,0.004,0.322,0.244
86,6,0.503,0.293,0.001,0.0,0.001,0.993,0.014,0.048,0.359,0.392
86,7,0.416,0.287,0.014,0.001,0.001,0.02,0.998,0.083,0.41,0.189
86,8,0.208,0.369,0.033,0.006,0.029,0.003,0.077,0.991,0.504,0.132
86,9,0.01,0.127,0.183,0.151,0.183,0.303,0.473,0.312,0.986,0.095
86,10,0.228,0.007,0.185,0.057,0.318,0.273,0.146,0.156,0.233,0.986
86,Aggregated,0.578,0.592,0.357,0.227,0.336,0.351,0.581,0.496,0.58,0.462
87,1,0.994,0.183,0.021,0.043,0.101,0.221,0.335,0.078,0.004,0.103
87,2,0.208,0.992,0.204,0.113,0.272,0.239,0.192,0.34,0.17,0.002
87,3,0.009,0.217,0.997,0.002,0.0,0.001,0.003,0.022,0.239,0.209
87,4,0.262,0.326,0.002,0.995,0.0,0.0,0.0,0.037,0.3,0.382
87,5,0.078,0.216,0.0,0.0,0.998,0.001,0.0,0.004,0.162,0.289
87,6,0.294,0.343,0.001,0.0,0.001,0.996,0.014,0.037,0.261,0.283
87,7,0.359,0.282,0.025,0.003,0.012,0.035,0.999,0.119,0.366,0.239
87,8,0.226,0.307,0.036,0.008,0.028,0.003,0.106,0.99,0.554,0.125
87,9,0.01,0.154,0.094,0.073,0.253,0.331,0.401,0.377,0.989,0.096
87,10,0.254,0.011,0.206,0.07,0.276,0.174,0.17,0.19,0.232,0.988
87,Aggregated,0.568,0.556,0.339,0.232,0.354,0.336,0.557,0.514,0.593,0.49
88,1,0.987,0.12,0.088,0.054,0.146,0.177,0.442,0.137,0.003,0.042
88,2,0.206,0.993,0.271,0.168,0.187,0.291,0.292,0.33,0.102,0.002
88,3,0.024,0.231,0.999,0.0,0.0,0.002,0.012,0.022,0.254,0.173
88,4,0.321,0.291,0.004,0.998,0.001,0.0,0.0,0.037,0.33,0.288
88,5,0.05,0.269,0.002,0.002,0.998,0.006,0.003,0.002,0.19,0.275
88,6,0.306,0.37,0.001,0.0,0.001,0.998,0.012,0.023,0.434,0.207
88,7,0.411,0.234,0.019,0.001,0.001,0.032,0.998,0.085,0.409,0.134
88,8,0.248,0.366,0.021,0.005,0.017,0.007,0.09,0.99,0.434,0.211
88,9,0.005,0.137,0.295,0.124,0.113,0.207,0.551,0.379,0.982,0.097
88,10,0.269,0.003,0.169,0.072,0.314,0.136,0.17,0.122,0.229,0.992
88,Aggregated,0.584,0.549,0.39,0.226,0.333,0.316,0.59,0.508,0.569,0.478
89,1,0.991,0.181,0.036,0.054,0.077,0.153,0.349,0.173,0.002,0.082
89,2,0.142,0.992,0.268,0.113,0.184,0.281,0.279,0.271,0.09,0.001
89,3,0.016,0.238,1.0,0.001,0.0,0.004,0.001,0.036,0.236,0.125
89,4,0.324,0.251,0.003,0.995,0.002,0.0,0.002,0.033,0.322,0.324
89,5,0.039,0.373,0.0,0.001,0.997,0.009,0.001,0.005,0.15,0.147
89,6,0.325,0.23,0.001,0.0,0.001,0.997,0.017,0.018,0.358,0.267
89,7,0.51,0.344,0.029,0.007,0.003,0.092,0.989,0.151,0.402,0.328
89,8,0.256,0.359,0.04,0.011,0.03,0.002,0.109,0.994,0.447,0.152
89,9,0.008,0.15,0.18,0.08,0.127,0.303,0.404,0.289,0.982,0.1
89,10,0.149,0.005,0.12,0.125,0.259,0.129,0.181,0.144,0.152,0.992
89,Aggregated,0.555,0.601,0.37,0.233,0.289,0.343,0.586,0.497,0.577,0.451
90,1,0.989,0.203,0.09,0.035,0.086,0.244,0.364,0.069,0.003,0.1
90,2,0.185,0.991,0.333,0.176,0.21,0.181,0.229,0.315,0.135,0.003
90,3,0.011,0.247,1.0,0.002,0.0,0.001,0.001,0.034,0.151,0.173
90,4,0.218,0.263,0.003,0.998,0.002,0.0,0.0,0.045,0.31,0.29
90,5,0.078,0.333,0.003,0.001,0.996,0.003,0.001,0.001,0.205,0.256
90,6,0.36,0.315,0.002,0.0,0.0,0.994,0.02,0.045,0.503,0.31
90,7,0.446,0.367,0.025,0.004,0.001,0.093,0.995,0.104,0.488,0.343
90,8,0.246,0.358,0.036,0.01,0.027,0.006,0.106,0.988,0.488,0.183
90,9,0.005,0.046,0.177,0.108,0.212,0.315,0.516,0.353,0.987,0.046
90,10,0.19,0.007,0.189,0.067,0.258,0.215,0.238,0.203,0.211,0.989
90,Aggregated,0.558,0.566,0.397,0.235,0.324,0.338,0.582,0.5,0.591,0.484
91,1,0.986,0.182,0.126,0.019,0.094,0.218,0.467,0.161,0.007,0.125
91,2,0.101,0.998,0.225,0.187,0.193,0.192,0.226,0.259,0.105,0.001
91,3,0.021,0.259,0.998,0.001,0.0,0.001,0.001,0.029,0.222,0.19
91,4,0.265,0.42,0.002,0.992,0.002,0.0,0.002,0.047,0.378,0.247
91,5,0.03,0.271,0.0,0.001,0.998,0.011,0.003,0.002,0.224,0.231
91,6,0.374,0.403,0.0,0.0,0.0,0.991,0.018,0.029,0.419,0.267
91,7,0.432,0.3,0.025,0.002,0.003,0.062,0.997,0.118,0.447,0.278
91,8,0.282,0.262,0.024,0.006,0.017,0.011,0.106,0.992,0.471,0.184
91,9,0.004,0.14,0.203,0.102,0.245,0.215,0.401,0.337,0.994,0.087
91,10,0.269,0.005,0.244,0.115,0.316,0.123,0.284,0.157,0.237,0.989
91,Aggregated,0.556,0.574,0.405,0.244,0.337,0.327,0.576,0.495,0.589,0.465
92,1,0.992,0.147,0.056,0.04,0.09,0.173,0.391,0.135,0.005,0.096
92,2,0.151,0.992,0.263,0.159,0.202,0.226,0.217,0.323,0.15,0.002
92,3,0.024,0.317,0.998,0.002,0.0,0.002,0.004,0.046,0.28,0.192
92,4,0.189,0.277,0.002,0.998,0.004,0.0,0.0,0.039,0.292,0.167
92,5,0.107,0.344,0.001,0.001,0.997,0.014,0.002,0.005,0.303,0.362
92,6,0.416,0.306,0.002,0.0,0.002,0.999,0.029,0.025,0.418,0.326
92,7,0.405,0.302,0.025,0.004,0.004,0.06,0.997,0.124,0.43,0.253
92,8,0.263,0.291,0.035,0.012,0.027,0.004,0.092,0.987,0.438,0.181
92,9,0.009,0.118,0.22,0.083,0.237,0.268,0.468,0.436,0.98,0.081
92,10,0.297,0.007,0.232,0.105,0.285,0.144,0.211,0.178,0.237,0.985
92,Aggregated,0.562,0.569,0.38,0.252,0.326,0.318,0.569,0.519,0.576,0.472
93,1,0.99,0.189,0.076,0.072,0.151,0.22,0.388,0.157,0.002,0.096
93,2,0.165,0.994,0.327,0.138,0.237,0.148,0.196,0.202,0.161,0.001
93,3,0.021,0.305,0.999,0.003,0.0,0.0,0.005,0.03,0.163,0.139
93,4,0.234,0.335,0.001,0.999,0.003,0.0,0.0,0.02,0.302,0.221
93,5,0.071,0.348,0.0,0.004,0.995,0.02,0.003,0.008,0.332,0.291
93,6,0.261,0.385,0.0,0.0,0.0,0.998,0.016,0.023,0.468,0.257
93,7,0.468,0.308,0.02,0.004,0.0,0.067,0.998,0.101,0.428,0.212
93,8,0.199,0.255,0.018,0.011,0.013,0.005,0.094,0.995,0.41,0.154
93,9,0.018,0.135,0.193,0.101,0.144,0.347,0.438,0.34,0.99,0.067
93,10,0.251,0.01,0.191,0.091,0.254,0.181,0.201,0.233,0.245,0.986
93,Aggregated,0.54,0.61,0.378,0.263,0.319,0.337,0.571,0.501,0.596,0.449
94,1,0.995,0.165,0.081,0.046,0.07,0.125,0.408,0.087,0.008,0.061
94,2,0.18,0.991,0.313,0.19,0.235,0.148,0.195,0.274,0.153,0.002
94,3,0.021,0.261,1.0,0.0,0.0,0.002,0.002,0.028,0.229,0.141
94,4,0.246,0.186,0.004,0.999,0.001,0.0,0.0,0.035,0.285,0.313
94,5,0.117,0.307,0.002,0.001,0.997,0.017,0.002,0.004,0.225,0.294
94,6,0.287,0.372,0.0,0.0,0.002,0.993,0.018,0.031,0.486,0.207
94,7,0.44,0.334,0.019,0.002,0.006,0.049,0.995,0.165,0.395,0.26
94,8,0.36,0.323,0.045,0.008,0.023,0.011,0.06,0.99,0.465,0.171
94,9,0.015,0.186,0.278,0.123,0.249,0.245,0.347,0.328,0.987,0.11
94,10,0.24,0.019,0.205,0.145,0.284,0.164,0.184,0.173,0.264,0.984
94,Aggregated,0.566,0.561,0.4,0.242,0.355,0.315,0.549,0.51,0.581,0.47
95,1,0.995,0.139,0.086,0.065,0.073,0.172,0.345,0.122,0.001,0.088
95,2,0.177,0.996,0.316,0.101,0.23,0.189,0.182,0.193,0.138,0.001
95,3,0.023,0.299,0.999,0.0,0.0,0.004,0.006,0.041,0.161,0.3
95,4,0.206,0.248,0.003,0.999,0.001,0.0,0.0,0.034,0.307,0.278
95,5,0.122,0.333,0.0,0.003,0.996,0.049,0.001,0.006,0.233,0.209
95,6,0.439,0.331,0.002,0.0,0.0,0.994,0.009,0.04,0.316,0.273
95,7,0.397,0.342,0.02,0.007,0.003,0.051,0.998,0.154,0.392,0.292
95,8,0.258,0.245,0.028,0.007,0.012,0.002,0.069,0.989,0.553,0.134
95,9,0.007,0.118,0.161,0.14,0.309,0.259,0.391,0.368,0.988,0.072
95,10,0.244,0.009,0.181,0.083,0.247,0.18,0.237,0.233,0.206,0.988
95,Aggregated,0.567,0.573,0.38,0.214,0.335,0.363,0.562,0.509,0.561,0.49
96,1,0.993,0.164,0.077,0.077,0.111,0.154,0.39,0.141,0.002,0.086
96,2,0.206,0.991,0.235,0.156,0.306,0.338,0.237,0.329,0.179,0.003
96,3,0.01,0.241,1.0,0.0,0.0,0.0,0.001,0.019,0.198,0.241
96,4,0.242,0.357,0.002,0.996,0.0,0.0,0.001,0.027,0.294,0.346
96,5,0.076,0.321,0.0,0.001,0.996,0.02,0.0,0.002,0.245,0.309
96,6,0.345,0.315,0.0,0.0,0.003,0.997,0.022,0.024,0.456,0.241
96,7,0.516,0.284,0.025,0.003,0.006,0.094,0.995,0.142,0.383,0.257
96,8,0.279,0.304,0.031,0.004,0.031,0.007,0.099,0.986,0.52,0.207
96,9,0.004,0.166,0.199,0.119,0.311,0.163,0.4,0.379,0.987,0.082
96,10,0.29,0.001,0.184,0.143,0.323,0.217,0.263,0.188,0.253,0.985
96,Aggregated,0.593,0.556,0.36,0.247,0.36,0.336,0.575,0.496,0.583,0.48
97,1,0.993,0.242,0.067,0.025,0.102,0.247,0.355,0.139,0.0,0.127
97,2,0.19,0.992,0.31,0.141,0.272,0.14,0.267,0.267,0.11,0.003
97,3,0.029,0.33,0.995,0.0,0.0,0.002,0.006,0.064,0.221,0.259
97,4,0.24,0.366,0.002,0.993,0.003,0.0,0.001,0.041,0.34,0.264
97,5,0.155,0.441,0.002,0.0,0.996,0.011,0.005,0.003,0.225,0.315
97,6,0.279,0.291,0.001,0.0,0.003,0.996,0.032,0.036,0.431,0.298
97,7,0.506,0.303,0.024,0.004,0.001,0.027,0.995,0.097,0.41,0.338
97,8,0.185,0.433,0.048,0.011,0.042,0.01,0.119,0.987,0.581,0.157
97,9,0.014,0.12,0.255,0.134,0.187,0.203,0.399,0.313,0.987,0.089
97,10,0.228,0.003,0.28,0.101,0.277,0.189,0.223,0.251,0.213,0.978
97,Aggregated,0.541,0.608,0.411,0.231,0.318,0.321,0.566,0.498,0.578,0.449
98,1,0.991,0.205,0.073,0.031,0.141,0.133,0.421,0.123,0.002,0.103
98,2,0.103,0.996,0.287,0.133,0.231,0.211,0.206,0.362,0.098,0.001
98,3,0.018,0.303,0.996,0.0,0.0,0.001,0.004,0.039,0.148,0.194
98,4,0.312,0.266,0.004,1.0,0.001,0.0,0.0,0.03,0.306,0.2
98,5,0.071,0.302,0.0,0.001,0.998,0.018,0.005,0.001,0.134,0.232
98,6,0.349,0.243,0.001,0.0,0.004,0.994,0.024,0.046,0.342,0.361
98,7,0.457,0.317,0.017,0.004,0.001,0.126,0.992,0.153,0.409,0.276
98,8,0.239,0.284,0.038,0.011,0.025,0.004,0.089,0.986,0.542,0.175
98,9,0.004,0.099,0.191,0.15,0.302,0.183,0.367,0.335,0.988,0.082
98,10,0.319,0.012,0.251,0.165,0.283,0.143,0.223,0.204,0.236,0.982
98,Aggregated,0.559,0.568,0.37,0.25,0.347,0.302,0.577,0.515,0.548,0.475
99,1,0.995,0.089,0.081,0.047,0.119,0.188,0.468,0.133,0.0,0.071
99,2,0.247,0.99,0.341,0.106,0.26,0.166,0.289,0.279,0.177,0.004
99,3,0.03,0.325,0.997,0.001,0.0,0.002,0.006,0.035,0.18,0.283
99,4,0.314,0.206,0.003,0.996,0.002,0.0,0.0,0.035,0.268,0.267
99,5,0.14,0.362,0.002,0.0,0.997,0.007,0.006,0.002,0.201,0.201
99,6,0.459,0.272,0.0,0.0,0.002,0.994,0.022,0.063,0.423,0.414
99,7,0.465,0.379,0.03,0.007,0.01,0.059,0.995,0.119,0.44,0.211
99,8,0.309,0.337,0.045,0.008,0.032,0.011,0.09,0.988,0.438,0.187
99,9,0.006,0.11,0.172,0.127,0.22,0.281,0.529,0.352,0.983,0.085
99,10,0.317,0.008,0.227,0.12,0.347,0.209,0.228,0.196,0.206,0.987
99,Aggregated,0.616,0.543,0.384,0.231,0.34,0.315,0.585,0.496,0.562,0.488
100,1,0.992,0.242,0.062,0.072,0.075,0.173,0.322,0.123,0.005,0.124
100,2,0.139,0.997,0.267,0.112,0.264,0.237,0.152,0.232,0.159,0.001
100,3,0.025,0.285,0.997,0.002,0.0,0.003,0.01,0.031,0.266,0.22
100,4,0.297,0.231,0.003,0.997,0.006,0.0,0.0,0.081,0.289,0.344
100,5,0.114,0.222,0.001,0.0,0.997,0.023,0.001,0.002,0.217,0.162
100,6,0.295,0.287,0.0,0.0,0.002,0.998,0.031,0.021,0.331,0.251
100,7,0.449,0.278,0.024,0.005,0.006,0.088,0.996,0.175,0.421,0.319
100,8,0.269,0.194,0.028,0.004,0.018,0.004,0.104,0.992,0.429,0.152
100,9,0.004,0.181,0.222,0.177,0.166,0.24,0.357,0.372,0.984,0.127
100,10,0.317,0.01,0.235,0.086,0.366,0.295,0.312,0.239,0.256,0.977
100,Aggregated,0.578,0.547,0.39,0.232,0.337,0.345,0.551,0.515,0.577,0.492
